periode_data,tanggal,jenis_moda,jumlah_penumpang_per_hari
202301,2023-01-01,bus sekolah,0
202301,2023-01-02,bus sekolah,33547
202301,2023-01-03,bus sekolah,38123
202301,2023-01-04,bus sekolah,40740
202301,2023-01-05,bus sekolah,42587
202301,2023-01-06,bus sekolah,37631
202301,2023-01-07,bus sekolah,272
202301,2023-01-08,bus sekolah,0
202301,2023-01-09,bus sekolah,42946
202301,2023-01-10,bus sekolah,42931
202301,2023-01-11,bus sekolah,39798
202301,2023-01-12,bus sekolah,40784
202301,2023-01-13,bus sekolah,33317
202301,2023-01-14,bus sekolah,1286
202301,2023-01-15,bus sekolah,286
202301,2023-01-16,bus sekolah,43732
202301,2023-01-17,bus sekolah,42700
202301,2023-01-18,bus sekolah,44619
202301,2023-01-19,bus sekolah,42438
202301,2023-01-20,bus sekolah,41832
202301,2023-01-21,bus sekolah,931
202301,2023-01-22,bus sekolah,345
202301,2023-01-23,bus sekolah,268
202301,2023-01-24,bus sekolah,42973
202301,2023-01-25,bus sekolah,43825
202301,2023-01-26,bus sekolah,45355
202301,2023-01-27,bus sekolah,42156
202301,2023-01-28,bus sekolah,1232
202301,2023-01-29,bus sekolah,2218
202301,2023-01-30,bus sekolah,42282
202301,2023-01-31,bus sekolah,41661
202301,2023-01-01,kapal,13
202301,2023-01-02,kapal,67
202301,2023-01-03,kapal,62
202301,2023-01-04,kapal,46
202301,2023-01-05,kapal,64
202301,2023-01-06,kapal,66
202301,2023-01-07,kapal,73
202301,2023-01-08,kapal,62
202301,2023-01-09,kapal,62
202301,2023-01-10,kapal,0
202301,2023-01-11,kapal,52
202301,2023-01-12,kapal,58
202301,2023-01-13,kapal,111
202301,2023-01-14,kapal,51
202301,2023-01-15,kapal,85
202301,2023-01-16,kapal,60
202301,2023-01-17,kapal,74
202301,2023-01-18,kapal,0
202301,2023-01-19,kapal,0
202301,2023-01-20,kapal,0
202301,2023-01-21,kapal,57
202301,2023-01-22,kapal,95
202301,2023-01-23,kapal,72
202301,2023-01-24,kapal,92
202301,2023-01-25,kapal,32
202301,2023-01-26,kapal,51
202301,2023-01-27,kapal,77
202301,2023-01-28,kapal,64
202301,2023-01-29,kapal,93
202301,2023-01-30,kapal,66
202301,2023-01-31,kapal,186
202301,2023-01-01,krl,568322
202301,2023-01-02,krl,747277
202301,2023-01-03,krl,675999
202301,2023-01-04,krl,615017
202301,2023-01-05,krl,811343
202301,2023-01-06,krl,812263
202301,2023-01-07,krl,675174
202301,2023-01-08,krl,586670
202301,2023-01-09,krl,807251
202301,2023-01-10,krl,758716
202301,2023-01-11,krl,761685
202301,2023-01-12,krl,785822
202301,2023-01-13,krl,777672
202301,2023-01-14,krl,637111
202301,2023-01-15,krl,568519
202301,2023-01-16,krl,806111
202301,2023-01-17,krl,777639
202301,2023-01-18,krl,778788
202301,2023-01-19,krl,772461
202301,2023-01-20,krl,784182
202301,2023-01-21,krl,634750
202301,2023-01-22,krl,596816
202301,2023-01-23,krl,593008
202301,2023-01-24,krl,787839
202301,2023-01-25,krl,771293
202301,2023-01-26,krl,775317
202301,2023-01-27,krl,775574
202301,2023-01-28,krl,588463
202301,2023-01-29,krl,563040
202301,2023-01-30,krl,797952
202301,2023-01-31,krl,771464
202301,2023-01-01,lrt,1653
202301,2023-01-02,lrt,2230
202301,2023-01-03,lrt,2240
202301,2023-01-04,lrt,2213
202301,2023-01-05,lrt,2274
202301,2023-01-06,lrt,2714
202301,2023-01-07,lrt,2402
202301,2023-01-08,lrt,2236
202301,2023-01-09,lrt,2207
202301,2023-01-10,lrt,2285
202301,2023-01-11,lrt,2451
202301,2023-01-12,lrt,2487
202301,2023-01-13,lrt,2487
202301,2023-01-14,lrt,2532
202301,2023-01-15,lrt,2166
202301,2023-01-16,lrt,2331
202301,2023-01-17,lrt,2481
202301,2023-01-18,lrt,2597
202301,2023-01-19,lrt,2547
202301,2023-01-20,lrt,2438
202301,2023-01-21,lrt,2298
202301,2023-01-22,lrt,2165
202301,2023-01-23,lrt,2237
202301,2023-01-24,lrt,4024
202301,2023-01-25,lrt,2447
202301,2023-01-26,lrt,2541
202301,2023-01-27,lrt,2529
202301,2023-01-28,lrt,2133
202301,2023-01-29,lrt,2070
202301,2023-01-30,lrt,2357
202301,2023-01-31,lrt,2466
202301,2023-01-01,mrt,53980
202301,2023-01-02,mrt,75786
202301,2023-01-03,mrt,84833
202301,2023-01-04,mrt,91833
202301,2023-01-05,mrt,91007
202301,2023-01-06,mrt,103056
202301,2023-01-07,mrt,66607
202301,2023-01-08,mrt,58199
202301,2023-01-09,mrt,86821
202301,2023-01-10,mrt,94341
202301,2023-01-11,mrt,97068
202301,2023-01-12,mrt,95038
202301,2023-01-13,mrt,95038
202301,2023-01-14,mrt,61247
202301,2023-01-15,mrt,57356
202301,2023-01-16,mrt,89783
202301,2023-01-17,mrt,96386
202301,2023-01-18,mrt,96921
202301,2023-01-19,mrt,93218
202301,2023-01-20,mrt,93811
202301,2023-01-21,mrt,54346
202301,2023-01-22,mrt,59310
202301,2023-01-23,mrt,53138
202301,2023-01-24,mrt,95137
202301,2023-01-25,mrt,100644
202301,2023-01-26,mrt,98081
202301,2023-01-27,mrt,98973
202301,2023-01-28,mrt,52538
202301,2023-01-29,mrt,55984
202301,2023-01-30,mrt,90818
202301,2023-01-31,mrt,94982
202301,2023-01-01,railink,3334
202301,2023-01-02,railink,4144
202301,2023-01-03,railink,4076
202301,2023-01-04,railink,3970
202301,2023-01-05,railink,3872
202301,2023-01-06,railink,4217
202301,2023-01-07,railink,3386
202301,2023-01-08,railink,3727
202301,2023-01-09,railink,3913
202301,2023-01-10,railink,3910
202301,2023-01-11,railink,3848
202301,2023-01-12,railink,3966
202301,2023-01-13,railink,4188
202301,2023-01-14,railink,3408
202301,2023-01-15,railink,3548
202301,2023-01-16,railink,3959
202301,2023-01-17,railink,3978
202301,2023-01-18,railink,4051
202301,2023-01-19,railink,4166
202301,2023-01-20,railink,4785
202301,2023-01-21,railink,3081
202301,2023-01-22,railink,3915
202301,2023-01-23,railink,3636
202301,2023-01-24,railink,4024
202301,2023-01-25,railink,4010
202301,2023-01-26,railink,4250
202301,2023-01-27,railink,2294
202301,2023-01-28,railink,3190
202301,2023-01-29,railink,3282
202301,2023-01-30,railink,3900
202301,2023-01-31,railink,4045
202301,2023-01-01,transjakarta,291030
202301,2023-01-02,transjakarta,666777
202301,2023-01-03,transjakarta,702891
202301,2023-01-04,transjakarta,770560
202301,2023-01-05,transjakarta,752938
202301,2023-01-06,transjakarta,725149
202301,2023-01-07,transjakarta,499501
202301,2023-01-08,transjakarta,375575
202301,2023-01-09,transjakarta,731662
202301,2023-01-10,transjakarta,737851
202301,2023-01-11,transjakarta,838862
202301,2023-01-12,transjakarta,779349
202301,2023-01-13,transjakarta,729695
202301,2023-01-14,transjakarta,500864
202301,2023-01-15,transjakarta,416089
202301,2023-01-16,transjakarta,742095
202301,2023-01-17,transjakarta,803202
202301,2023-01-18,transjakarta,796762
202301,2023-01-19,transjakarta,758103
202301,2023-01-20,transjakarta,840865
202301,2023-01-21,transjakarta,490271
202301,2023-01-22,transjakarta,430705
202301,2023-01-23,transjakarta,464100
202301,2023-01-24,transjakarta,773772
202301,2023-01-25,transjakarta,806481
202301,2023-01-26,transjakarta,762266
202301,2023-01-27,transjakarta,740715
202301,2023-01-28,transjakarta,450758
202301,2023-01-29,transjakarta,385593
202301,2023-01-30,transjakarta,741543
202301,2023-01-31,transjakarta,774318
202302,2023-02-01,mrt," 98,351 "
202302,2023-02-01,lrt," 2,372 "
202302,2023-02-01,krl," 704,885 "
202302,2023-02-01,railink," 3,987 "
202302,2023-02-01,transjakarta," 814,881 "
202302,2023-02-01,bus sekolah," 42,794 "
202302,2023-02-01,kapal, 27 
202302,2023-02-02,mrt," 98,149 "
202302,2023-02-02,lrt," 2,524 "
202302,2023-02-02,krl," 790,877 "
202302,2023-02-02,railink," 4,054 "
202302,2023-02-02,transjakarta," 818,742 "
202302,2023-02-02,bus sekolah," 43,242 "
202302,2023-02-02,kapal, 45 
202302,2023-02-03,mrt," 100,461 "
202302,2023-02-03,lrt," 2,702 "
202302,2023-02-03,krl," 800,207 "
202302,2023-02-03,railink," 4,609 "
202302,2023-02-03,transjakarta," 819,001 "
202302,2023-02-03,bus sekolah," 36,882 "
202302,2023-02-03,kapal, 52 
202302,2023-02-04,mrt," 61,084 "
202302,2023-02-04,lrt," 2,859 "
202302,2023-02-04,krl," 671,807 "
202302,2023-02-04,railink," 3,594 "
202302,2023-02-04,transjakarta," 556,834 "
202302,2023-02-04,bus sekolah," 1,394 "
202302,2023-02-04,kapal, 63 
202302,2023-02-05,mrt," 56,633 "
202302,2023-02-05,lrt," 2,427 "
202302,2023-02-05,krl," 609,639 "
202302,2023-02-05,railink," 3,655 "
202302,2023-02-05,transjakarta," 488,204 "
202302,2023-02-05,bus sekolah, 837 
202302,2023-02-05,kapal, 63 
202302,2023-02-06,mrt," 92,186 "
202302,2023-02-06,lrt," 2,613 "
202302,2023-02-06,krl," 811,116 "
202302,2023-02-06,railink," 4,098 "
202302,2023-02-06,transjakarta," 825,070 "
202302,2023-02-06,bus sekolah," 41,033 "
202302,2023-02-06,kapal, 53 
202302,2023-02-07,mrt," 98,820 "
202302,2023-02-07,lrt," 2,862 "
202302,2023-02-07,krl," 772,771 "
202302,2023-02-07,railink," 4,120 "
202302,2023-02-07,transjakarta," 832,484 "
202302,2023-02-07,bus sekolah," 42,001 "
202302,2023-02-07,kapal, 48 
202302,2023-02-08,mrt," 99,829 "
202302,2023-02-08,lrt," 3,105 "
202302,2023-02-08,krl," 772,950 "
202302,2023-02-08,railink," 4,178 "
202302,2023-02-08,transjakarta," 833,095 "
202302,2023-02-08,bus sekolah," 7,602 "
202302,2023-02-08,kapal, 46 
202302,2023-02-09,mrt," 96,970 "
202302,2023-02-09,lrt," 2,886 "
202302,2023-02-09,krl," 764,574 "
202302,2023-02-09,railink," 4,238 "
202302,2023-02-09,transjakarta," 831,869 "
202302,2023-02-09,bus sekolah," 45,392 "
202302,2023-02-09,kapal, 48 
202302,2023-02-10,mrt," 99,060 "
202302,2023-02-10,lrt," 3,003 "
202302,2023-02-10,krl," 757,814 "
202302,2023-02-10,railink," 4,715 "
202302,2023-02-10,transjakarta," 828,212 "
202302,2023-02-10,bus sekolah," 38,152 "
202302,2023-02-10,kapal, 57 
202302,2023-02-11,mrt," 59,778 "
202302,2023-02-11,lrt," 2,396 "
202302,2023-02-11,krl," 601,797 "
202302,2023-02-11,railink," 3,629 "
202302,2023-02-11,transjakarta," 510,122 "
202303,2023-03-01,mrt,103533
202303,2023-03-01,lrt,2803
202303,2023-03-01,bus sekolah,44184
202303,2023-03-01,kapal,1072
202303,2023-03-01,transjakarta,55942
202303,2023-03-02,mrt,102873
202303,2023-03-02,lrt,3196
202303,2023-03-02,bus sekolah,44381
202303,2023-03-02,kapal,1007
202303,2023-03-02,transjakarta,24204
202303,2023-03-03,mrt,105467
202303,2023-03-03,lrt,2815
202303,2023-03-03,bus sekolah,40620
202303,2023-03-03,kapal,1853
202303,2023-03-03,transjakarta,251365
202303,2023-03-04,mrt,64655
202303,2023-03-04,lrt,2829
202303,2023-03-04,bus sekolah,1830
202303,2023-03-04,kapal,4636
202303,2023-03-04,transjakarta,264137
202303,2023-03-05,mrt,51517
202303,2023-03-05,lrt,2154
202303,2023-03-05,bus sekolah,1043
202303,2023-03-05,kapal,4643
202303,2023-03-05,transjakarta,230435
202303,2023-03-06,mrt,99393
202303,2023-03-06,lrt,2778
202303,2023-03-06,bus sekolah,44965
202303,2023-03-06,kapal,1506
202303,2023-03-06,transjakarta,414003
202303,2023-03-07,mrt,106290
202303,2023-03-07,lrt,2801
202303,2023-03-07,bus sekolah,46136
202303,2023-03-07,kapal,1305
202303,2023-03-07,transjakarta,407278
202303,2023-03-08,mrt,107407
202303,2023-03-08,lrt,2932
202303,2023-03-08,bus sekolah,45802
202303,2023-03-08,kapal,1010
202303,2023-03-08,transjakarta,411878
202303,2023-03-09,mrt,107292
202303,2023-03-09,lrt,2242
202303,2023-03-09,bus sekolah,45104
202303,2023-03-09,kapal,1800
202303,2023-03-09,transjakarta,430429
202303,2023-03-10,mrt,109089
202303,2023-03-10,lrt,2928
202303,2023-03-10,bus sekolah,39512
202303,2023-03-10,kapal,1506
202303,2023-03-10,transjakarta,394506
202303,2023-03-11,mrt,93143
202303,2023-03-11,lrt,2720
202303,2023-03-11,bus sekolah,1684
202303,2023-03-11,kapal,4859
202303,2023-03-11,transjakarta,270281
202303,2023-03-12,mrt,81324
202303,2023-03-12,lrt,2165
202303,2023-03-12,bus sekolah,1185
202303,2023-03-12,kapal,4345
202303,2023-03-12,transjakarta,234304
202303,2023-03-13,mrt,99410
202303,2023-03-13,lrt,2859
202302,2023-02-11,bus sekolah," 1,413 "
202302,2023-02-11,kapal, 68 
202302,2023-02-12,mrt," 40,445 "
202302,2023-02-12,lrt," 1,903 "
202302,2023-02-12,krl," 491,176 "
202302,2023-02-12,railink," 3,297 "
202302,2023-02-12,transjakarta," 422,854 "
202302,2023-02-12,bus sekolah, 993 
202302,2023-02-12,kapal, 61 
202302,2023-02-13,mrt," 92,500 "
202302,2023-02-13,lrt," 2,819 "
202302,2023-02-13,krl," 812,674 "
202302,2023-02-13,railink," 4,220 "
202302,2023-02-13,transjakarta," 835,890 "
202302,2023-02-13,bus sekolah," 45,737 "
202302,2023-02-13,kapal, 49 
202302,2023-02-14,mrt," 100,427 "
202302,2023-02-14,lrt," 3,282 "
202302,2023-02-14,krl," 780,002 "
202302,2023-02-14,railink," 4,033 "
202302,2023-02-14,transjakarta," 840,872 "
202302,2023-02-14,bus sekolah," 46,906 "
202302,2023-02-14,kapal, 48 
202302,2023-02-15,mrt," 99,475 "
202302,2023-02-15,lrt," 3,029 "
202302,2023-02-15,krl," 786,831 "
202302,2023-02-15,railink," 4,308 "
202302,2023-02-15,transjakarta," 846,249 "
202302,2023-02-15,bus sekolah," 46,570 "
202302,2023-02-15,kapal, 49 
202302,2023-02-16,mrt," 96,132 "
202302,2023-02-16,lrt," 2,727 "
202302,2023-02-16,krl," 773,362 "
202302,2023-02-16,railink," 4,186 "
202302,2023-02-16,transjakarta," 827,555 "
202302,2023-02-16,bus sekolah," 46,590 "
202302,2023-02-16,kapal, 50 
202302,2023-02-17,mrt," 96,633 "
202302,2023-02-17,lrt," 3,075 "
202302,2023-02-17,krl," 814,367 "
202302,2023-02-17,railink," 4,780 "
202302,2023-02-17,transjakarta," 831,455 "
202302,2023-02-17,bus sekolah," 42,927 "
202302,2023-02-17,kapal, 47 
202302,2023-02-18,mrt," 63,510 "
202302,2023-02-18,lrt," 2,799 "
202302,2023-02-18,krl," 645,309 "
202302,2023-02-18,railink," 3,601 "
202302,2023-02-18,transjakarta," 510,507 "
202302,2023-02-18,bus sekolah," 1,203 "
202302,2023-02-18,kapal, 71 
202302,2023-02-19,mrt," 53,332 "
202302,2023-02-19,lrt," 2,224 "
202302,2023-02-19,krl," 545,436 "
202302,2023-02-19,railink," 3,569 "
202302,2023-02-19,transjakarta," 472,914 "
202302,2023-02-19,bus sekolah," 1,751 "
202302,2023-02-19,kapal, 66 
202302,2023-02-20,mrt," 90,248 "
202302,2023-02-20,lrt," 2,707 "
202302,2023-02-20,krl," 801,527 "
202302,2023-02-20,railink," 4,293 "
202302,2023-02-20,transjakarta," 849,058 "
202302,2023-02-20,bus sekolah," 46,852 "
202302,2023-02-20,kapal, 47 
202302,2023-02-21,mrt," 99,079 "
202302,2023-02-21,lrt," 2,874 "
202302,2023-02-21,krl," 758,604 "
202302,2023-02-21,railink," 3,838 "
202302,2023-02-21,transjakarta," 847,360 "
202302,2023-02-21,bus sekolah," 42,323 "
202302,2023-02-21,kapal, 41 
202302,2023-02-22,mrt," 97,700 "
202302,2023-02-22,lrt," 3,140 "
202302,2023-02-22,krl," 740,250 "
202302,2023-02-22,railink," 4,148 "
202302,2023-02-22,transjakarta," 857,541 "
202302,2023-02-22,bus sekolah," 46,529 "
202302,2023-02-22,kapal, 50 
202302,2023-02-23,mrt," 93,508 "
202302,2023-02-23,lrt," 2,950 "
202302,2023-02-23,krl," 765,572 "
202302,2023-02-23,railink," 4,188 "
202302,2023-02-23,transjakarta," 839,067 "
202302,2023-02-23,bus sekolah," 43,891 "
202302,2023-02-23,kapal, 45 
202302,2023-02-24,mrt," 92,372 "
202302,2023-02-24,lrt," 2,711 "
202302,2023-02-24,krl," 760,422 "
202302,2023-02-24,railink," 4,768 "
202302,2023-02-24,transjakarta," 796,438 "
202302,2023-02-24,bus sekolah," 41,682 "
202302,2023-02-24,kapal, 33 
202302,2023-02-25,mrt," 62,627 "
202302,2023-02-25,lrt," 2,636 "
202302,2023-02-25,krl," 656,790 "
202302,2023-02-25,railink," 3,461 "
202302,2023-02-25,transjakarta," 538,248 "
202302,2023-02-25,bus sekolah," 3,032 "
202302,2023-02-25,kapal, 56 
202302,2023-02-26,mrt," 43,145 "
202302,2023-02-26,lrt," 1,970 "
202302,2023-02-26,krl," 559,052 "
202302,2023-02-26,railink," 3,596 "
202302,2023-02-26,transjakarta," 434,772 "
202302,2023-02-26,bus sekolah," 2,338 "
202302,2023-02-26,kapal, 53 
202302,2023-02-27,mrt," 91,865 "
202302,2023-02-27,lrt," 2,843 "
202302,2023-02-27,krl," 800,286 "
202302,2023-02-27,railink," 4,563 "
202302,2023-02-27,transjakarta," 816,398 "
202302,2023-02-27,bus sekolah," 44,291 "
202302,2023-02-27,kapal, 20 
202302,2023-02-28,mrt," 104,249 "
202302,2023-02-28,lrt," 2,728 "
202302,2023-02-28,krl," 799,827 "
202302,2023-02-28,railink," 4,390 "
202302,2023-02-28,transjakarta," 851,556 "
202302,2023-02-28,bus sekolah," 44,703 "
202302,2023-02-28,kapal, 40 
202303,2023-03-13,bus sekolah,36316
202303,2023-03-13,kapal,1637
202303,2023-03-13,transjakarta,419100
202303,2023-03-14,mrt,106705
202303,2023-03-14,lrt,2999
202303,2023-03-14,bus sekolah,35745
202303,2023-03-14,kapal,1114
202303,2023-03-14,transjakarta,437186
202303,2023-03-15,mrt,107622
202303,2023-03-15,lrt,3414
202303,2023-03-15,bus sekolah,34912
202303,2023-03-15,kapal,1403
202303,2023-03-15,transjakarta,403209
202303,2023-03-16,mrt,105230
202303,2023-03-16,lrt,3133
202303,2023-03-16,bus sekolah,36426
202303,2023-03-16,kapal,2348
202303,2023-03-16,transjakarta,411942
202303,2023-03-17,mrt,104096
202303,2023-03-17,lrt,2947
202303,2023-03-17,bus sekolah,32529
202303,2023-03-17,kapal,2670
202303,2023-03-17,transjakarta,392576
202303,2023-03-18,mrt,61321
202303,2023-03-18,lrt,2486
202303,2023-03-18,bus sekolah,1723
202303,2023-03-18,kapal,4007
202303,2023-03-18,transjakarta,281295
202303,2023-03-19,mrt,50134
202303,2023-03-19,lrt,2321
202303,2023-03-19,bus sekolah,995
202303,2023-03-19,kapal,4242
202303,2023-03-19,transjakarta,246132
202303,2023-03-20,mrt,102787
202303,2023-03-20,lrt,2820
202303,2023-03-20,bus sekolah,34070
202303,2023-03-20,kapal,2295
202303,2023-03-20,transjakarta,413469
202303,2023-03-21,mrt,115975
202303,2023-03-21,lrt,3182
202303,2023-03-21,bus sekolah,29179
202303,2023-03-21,kapal,2044
202303,2023-03-21,transjakarta,425202
202303,2023-03-22,mrt,45212
202303,2023-03-22,lrt,2528
202303,2023-03-22,bus sekolah,753
202303,2023-03-22,kapal,2622
202303,2023-03-22,transjakarta,237001
202303,2023-03-23,mrt,40552
202303,2023-03-23,lrt,2088
202303,2023-03-23,bus sekolah,0
202303,2023-03-23,kapal,1156
202303,2023-03-23,transjakarta,217789
202303,2023-03-24,mrt,82722
202303,2023-03-24,lrt,2552
202303,2023-03-24,bus sekolah,389
202303,2023-03-24,kapal,786
202303,2023-03-24,transjakarta,331433
202303,2023-03-25,mrt,31517
202303,2023-03-25,lrt,1706
202303,2023-03-25,bus sekolah,248
202303,2023-03-25,kapal,1027
202303,2023-03-25,transjakarta,190316
202303,2023-03-26,mrt,26022
202303,2023-03-26,lrt,1608
202303,2023-03-26,bus sekolah,0
202303,2023-03-26,kapal,1505
202303,2023-03-26,transjakarta,188906
202303,2023-03-27,mrt,93938
202303,2023-03-27,lrt,2751
202303,2023-03-27,bus sekolah,26455
202303,2023-03-27,kapal,814
202303,2023-03-27,transjakarta,420975
202303,2023-03-28,mrt,96988
202303,2023-03-28,lrt,2765
202303,2023-03-28,bus sekolah,28024
202303,2023-03-28,kapal,629
202303,2023-03-28,transjakarta,387151
202303,2023-03-29,mrt,98449
202303,2023-03-29,lrt,2652
202303,2023-03-29,bus sekolah,27538
202303,2023-03-29,kapal,495
202303,2023-03-29,transjakarta,392595
202303,2023-03-30,mrt,100671
202303,2023-03-30,lrt,2665
202303,2023-03-30,bus sekolah,27631
202303,2023-03-30,kapal,556
202303,2023-03-30,transjakarta,377990
202303,2023-03-31,mrt,98251
202303,2023-03-31,lrt,2915
202303,2023-03-31,bus sekolah,24079
202303,2023-03-31,kapal,685
202303,2023-03-31,transjakarta,385400
202303, , , 
202303, , , 
202303, , , 
202303, , , 
202303, , , 
202303, , , 
202303, , , 
202303, , , 
202303, , , 
202303, , , 
202303, , , 
202303, , , 
202303, , , 
202303, , , 
202303, , , 
202303, , , 
202303, , , 
202303, , , 
202303, , , 
202303, , , 
202303, , , 
202303, , , 
202303, , , 
202303, , , 
202303, , , 
202303, , , 
202303, , , 
202303, , , 
202303, , , 
202303, , , 
202303, , , 
202303, , , 
202303, , , 
202303, , , 
202303, , , 
202303, , , 
202303, , , 
202303, , , 
202303, , , 
202303, , , 
202303, , , 
202303, , , 
202303, , , 
202303, , , 
202303, , , 
202303, , , 
202303, , , 
202303, , , 
202303, , , 
202303, , , 
202303, , , 
202303, , , 
202303, , , 
202303, , , 
202303, , , 
202303, , , 
202303, , , 
202303, , , 
202303, , , 
202303, , , 
202303, , , 
202303, , , 
202304,2023 04 03, transjakarta ,390929
202304,2023 04 04, transjakarta ,390498
202304,2023 04 05, transjakarta ,392872
202304,2023 04 06, transjakarta ,385699
202304,2023 04 07, transjakarta ,187926
202304,2023 04 08, transjakarta ,204150
202304,2023 04 09, transjakarta ,181400
202304,2023 04 10, transjakarta ,373158
202304,2023 04 11, transjakarta ,364583
202304,2023 04 12, transjakarta ,379875
202304,2023 04 13, transjakarta ,381208
202304,2023 04 14, transjakarta ,375584
202304,2023 04 15, transjakarta ,246273
202304,2023 04 16, transjakarta ,195161
202304,2023 04 17, transjakarta ,368669
202304,2023 04 18, transjakarta ,335221
202304,2023 04 19, transjakarta ,227004
202304,2023 04 20, transjakarta ,181265
202304,2023 04 21, transjakarta ,131793
202304,2023 04 22, transjakarta ,122443
202304,2023 04 23, transjakarta ,183995
202304,2023 04 24, transjakarta ,202311
202304,2023 04 25, transjakarta ,214362
202304,2023 04 26, transjakarta ,293532
202304,2023 04 27, transjakarta ,322559
202304,2023 04 28, transjakarta ,313386
202304,2023 04 29, transjakarta ,243623
202304,2023 04 30, transjakarta ,241994
202304,2023 04 01,krl,540993
202304,2023 04 02,krl,485346
202304,2023 04 03,krl,840518
202304,2023 04 04,krl,805103
202304,2023 04 05,krl,809305
202304,2023 04 06,krl,815616
202304,2023 04 07,krl,512800
202304,2023 04 08,krl,574404
202304,2023 04 09,krl,514030
202304,2023 04 10,krl,863988
202304,2023 04 11,krl,841059
202304,2023 04 12,krl,846084
202304,2023 04 13,krl,851933
202304,2023 04 14,krl,842133
202304,2023 04 15,krl,658120
202304,2023 04 16,krl,549143
202304,2023 04 17,krl,871876
202304,2023 04 18,krl,805505
202304,2023 04 19,krl,578785
202304,2023 04 20,krl,472127
202304,2023 04 21,krl,326353
202304,2023 04 22,krl,490561
202304,2023 04 23,krl,642354
202304,2023 04 24,krl,636132
202304,2023 04 25,krl,600759
202304,2023 04 26,krl,712584
202304,2023 04 27,krl,734078
202304,2023 04 28,krl,711617
202304,2023 04 29,krl,660941
202304,2023 04 30,krl,660820
202304,2023 04 01,KCI Commuter Bandara,2647
202304,2023 04 02,KCI Commuter Bandara,2797
202304,2023 04 03,KCI Commuter Bandara,4176
202304,2023 04 04,KCI Commuter Bandara,4146
202304,2023 04 05,KCI Commuter Bandara,4288
202304,2023 04 06,KCI Commuter Bandara,5034
202304,2023 04 07,KCI Commuter Bandara,3348
202304,2023 04 08,KCI Commuter Bandara,2893
202304,2023 04 09,KCI Commuter Bandara,3662
202304,2023 04 10,KCI Commuter Bandara,4504
202304,2023 04 11,KCI Commuter Bandara,4269
202304,2023 04 12,KCI Commuter Bandara,4734
202304,2023 04 13,KCI Commuter Bandara,4880
202304,2023 04 14,KCI Commuter Bandara,5712
202304,2023 04 15,KCI Commuter Bandara,5053
202304,2023 04 16,KCI Commuter Bandara,4264
202304,2023 04 17,KCI Commuter Bandara,5103
202304,2023 04 18,KCI Commuter Bandara,7041
202304,2023 04 19,KCI Commuter Bandara,6642
202304,2023 04 20,KCI Commuter Bandara,5764
202304,2023 04 21,KCI Commuter Bandara,4278
202304,2023 04 22,KCI Commuter Bandara,2654
202304,2023 04 23,KCI Commuter Bandara,3639
202304,2023 04 24,KCI Commuter Bandara,5218
202304,2023 04 25,KCI Commuter Bandara,6695
202304,2023 04 26,KCI Commuter Bandara,6357
202304,2023 04 27,KCI Commuter Bandara,5460
202304,2023 04 28,KCI Commuter Bandara,5824
202304,2023 04 29,KCI Commuter Bandara,5535
202304,2023 04 30,KCI Commuter Bandara,5827
202305,2023 05 01, bus sekolah ,654
202305,2023 05 02, bus sekolah ,25808
202305,2023 05 03, bus sekolah ,31110
202305,2023 05 04, bus sekolah ,29678
202305,2023 05 05, bus sekolah ,28391
202305,2023 05 06, bus sekolah ,1168
202305,2023 05 07, bus sekolah ,1449
202305,2023 05 08, bus sekolah ,33689
202305,2023 05 09, bus sekolah ,33482
202305,2023 05 10, bus sekolah ,33256
202305,2023 05 11, bus sekolah ,32918
202305,2023 05 12, bus sekolah ,30859
202305,2023 05 13, bus sekolah ,1012
202305,2023 05 14, bus sekolah ,1340
202305,2023 05 15, bus sekolah ,32722
202305,2023 05 16, bus sekolah ,35002
202305,2023 05 17, bus sekolah ,34267
202305,2023 05 18, bus sekolah ,978
202305,2023 05 19, bus sekolah ,30159
202305,2023 05 20, bus sekolah ,1537
202305,2023 05 21, bus sekolah ,2835
202305,2023 05 22, bus sekolah ,35298
202305,2023 05 23, bus sekolah ,34463
202305,2023 05 24, bus sekolah ,34385
202305,2023 05 25, bus sekolah ,34725
202305,2023 05 26, bus sekolah ,32814
202305,2023 05 27, bus sekolah ,1721
202305,2023 05 28, bus sekolah ,1448
202305,2023 05 29, bus sekolah ,33158
202305,2023 05 30, bus sekolah ,31637
202305,2023 05 31, bus sekolah ,29874
202305,2023 05 01, kapal ,14061
202305,2023 05 02, kapal ,3030
202305,2023 05 03, kapal ,2396
202305,2023 05 04, kapal ,2030
202305,2023 05 05, kapal ,2406
202305,2023 05 06, kapal ,7338
202305,2023 05 07, kapal ,7537
202305,2023 05 08, kapal ,2864
202305,2023 05 09, kapal ,1940
202305,2023 05 10, kapal ,1719
202305,2023 05 11, kapal ,1644
202305,2023 05 12, kapal ,1922
202305,2023 05 13, kapal ,5936
202305,2023 05 14, kapal ,5730
202305,2023 05 15, kapal ,2105
202305,2023 05 16, kapal ,1856
202305,2023 05 17, kapal ,1899
202305,2023 05 18, kapal ,3820
202305,2023 05 19, kapal ,2809
202305,2023 05 20, kapal ,6241
202305,2023 05 21, kapal ,6239
202305,2023 05 22, kapal ,1441
202305,2023 05 23, kapal ,1466
202305,2023 05 24, kapal ,1786
202305,2023 05 25, kapal ,1600
202305,2023 05 26, kapal ,1767
202305,2023 05 27, kapal ,7215
202305,2023 05 28, kapal ,6680
202305,2023 05 29, kapal ,1650
202305,2023 05 30, kapal ,1258
202305,2023 05 31, kapal ,1776
202305,2023 05 01, lrt ,2024
202305,2023 05 02, lrt ,2522
202305,2023 05 03, lrt ,2639
202305,2023 05 04, lrt ,2666
202305,2023 05 05, lrt ,2696
202305,2023 05 06, lrt ,2443
202305,2023 05 07, lrt ,1852
202305,2023 05 08, lrt ,2533
202305,2023 05 09, lrt ,2589
202305,2023 05 10, lrt ,2798
202305,2023 05 11, lrt ,2775
202305,2023 05 12, lrt ,2827
202305,2023 05 13, lrt ,2472
202305,2023 05 14, lrt ,2228
202305,2023 05 15, lrt ,2703
202305,2023 05 16, lrt ,2799
202305,2023 05 17, lrt ,3048
202305,2023 05 18, lrt ,2518
202305,2023 05 19, lrt ,2627
202305,2023 05 20, lrt ,2357
202305,2023 05 21, lrt ,2030
202305,2023 05 22, lrt ,2619
202305,2023 05 23, lrt ,2383
202305,2023 05 24, lrt ,2789
202305,2023 05 25, lrt ,2646
202305,2023 05 26, lrt ,2776
202305,2023 05 27, lrt ,2349
202305,2023 05 28, lrt ,1945
202305,2023 05 29, lrt ,2320
202305,2023 05 30, lrt ,2757
202305,2023 05 31, lrt ,2909
202305,2023 05 01, mrt ,39651
202305,2023 05 02, mrt ,99260
202305,2023 05 03, mrt ,100269
202305,2023 05 04, mrt ,100335
202305,2023 05 05, mrt ,100586
202305,2023 05 06, mrt ,54084
202305,2023 05 07, mrt ,46321
202305,2023 05 08, mrt ,98048
202305,2023 05 09, mrt ,104071
202305,2023 05 10, mrt ,105248
202305,2023 05 11, mrt ,102171
202305,2023 05 12, mrt ,101950
202304,2023 04 01, bus sekolah ,24
202304,2023 04 02, bus sekolah ,0
202304,2023 04 03, bus sekolah ,29308
202304,2023 04 04, bus sekolah ,29708
202304,2023 04 05, bus sekolah ,27719
202304,2023 04 06, bus sekolah ,23902
202304,2023 04 07, bus sekolah ,0
202304,2023 04 08, bus sekolah ,120
202304,2023 04 09, bus sekolah ,1264
202304,2023 04 10, bus sekolah ,24942
202304,2023 04 11, bus sekolah ,25025
202304,2023 04 12, bus sekolah ,23217
202304,2023 04 13, bus sekolah ,21176
202304,2023 04 14, bus sekolah ,18891
202304,2023 04 15, bus sekolah ,515
202304,2023 04 16, bus sekolah ,0
202304,2023 04 17, bus sekolah ,278
202304,2023 04 18, bus sekolah ,694
202304,2023 04 19, bus sekolah ,80
202304,2023 04 20, bus sekolah ,3
202304,2023 04 21, bus sekolah ,0
202304,2023 04 22, bus sekolah ,0
202304,2023 04 23, bus sekolah ,15
202304,2023 04 24, bus sekolah ,23
202304,2023 04 25, bus sekolah ,191
202304,2023 04 26, bus sekolah ,160
202304,2023 04 27, bus sekolah ,384
202304,2023 04 28, bus sekolah ,436
202304,2023 04 29, bus sekolah ,216
202304,2023 04 30, bus sekolah ,326
202304,2023 04 01, kapal ,1057
202304,2023 04 02, kapal ,1098
202304,2023 04 03, kapal ,887
202304,2023 04 04, kapal ,691
202304,2023 04 05, kapal ,891
202304,2023 04 06, kapal ,989
202304,2023 04 07, kapal ,2154
202304,2023 04 08, kapal ,1828
202304,2023 04 09, kapal ,1846
202304,2023 04 10, kapal ,941
202304,2023 04 11, kapal ,875
202304,2023 04 12, kapal ,906
202304,2023 04 13, kapal ,1041
202304,2023 04 14, kapal ,1249
202304,2023 04 15, kapal ,2138
202304,2023 04 16, kapal ,2022
202304,2023 04 17, kapal ,2054
202304,2023 04 18, kapal ,1747
202304,2023 04 19, kapal ,2904
202304,2023 04 20, kapal ,4283
202304,2023 04 21, kapal ,6551
202304,2023 04 22, kapal ,8426
202304,2023 04 23, kapal ,18019
202304,2023 04 24, kapal ,22917
202304,2023 04 25, kapal ,19852
202304,2023 04 26, kapal ,14796
202304,2023 04 27, kapal ,10457
202304,2023 04 28, kapal ,8413
202304,2023 04 29, kapal ,16750
202304,2023 04 30, kapal ,21820
202304,2023 04 14, mrt ,107171
202304,2023 04 15, mrt ,48702
202304,2023 04 16, mrt ,36004
202304,2023 04 17, mrt ,102944
202304,2023 04 18, mrt ,97093
202304,2023 04 19, mrt ,46860
202304,2023 04 20, mrt ,37496
202304,2023 04 21, mrt ,30671
202304,2023 04 22, mrt ,28216
202304,2023 04 23, mrt ,44248
202304,2023 04 24, mrt ,61153
202304,2023 04 25, mrt ,60406
202304,2023 04 26, mrt ,76798
202304,2023 04 27, mrt ,82388
202304,2023 04 28, mrt ,81806
202304,2023 04 29, mrt ,54887
202304,2023 04 30, mrt ,57322
202304,2023 04 01, transjakarta ,217669
202304,2023 04 02, transjakarta ,175733
202304,2023 04 01, lrt ,2224
202304,2023 04 02, lrt ,1624
202304,2023 04 03, lrt ,2786
202304,2023 04 04, lrt ,2805
202304,2023 04 05, lrt ,3148
202304,2023 04 06, lrt ,2879
202304,2023 04 07, lrt ,1826
202304,2023 04 08, lrt ,1863
202304,2023 04 09, lrt ,1533
202304,2023 04 10, lrt ,2713
202304,2023 04 11, lrt ,2726
202304,2023 04 12, lrt ,2818
202304,2023 04 13, lrt ,2805
202304,2023 04 14, lrt ,2725
202304,2023 04 15, lrt ,2658
202304,2023 04 16, lrt ,1822
202304,2023 04 17, lrt ,2792
202304,2023 04 18, lrt ,2878
202304,2023 04 19, lrt ,2224
202304,2023 04 20, lrt ,1834
202304,2023 04 21, lrt ,1805
202304,2023 04 22, lrt ,1629
202304,2023 04 23, lrt ,2561
202304,2023 04 24, lrt ,2771
202304,2023 04 25, lrt ,2603
202304,2023 04 26, lrt ,2409
202304,2023 04 27, lrt ,2575
202304,2023 04 28, lrt ,2520
202304,2023 04 29, lrt ,2367
202304,2023 04 30, lrt ,2395
202304,2023 04 01, mrt ,43169
202304,2023 04 02, mrt ,33963
202304,2023 04 03, mrt ,100413
202304,2023 04 04, mrt ,103909
202304,2023 04 05, mrt ,105372
202304,2023 04 06, mrt ,108628
202304,2023 04 07, mrt ,39472
202304,2023 04 08, mrt ,40079
202304,2023 04 09, mrt ,31904
202304,2023 04 10, mrt ,99152
202304,2023 04 11, mrt ,104827
202304,2023 04 12, mrt ,105224
202304,2023 04 13, mrt ,95269
202306, 2023 06 29 ,  kapal  ,45075
202306, 2023 06 30 ,  kapal  ,45076
202306, 2023 06 01 ,  lrt  ,2522
202306, 2023 06 02 ,  lrt  ,2483
202306, 2023 06 03 ,  lrt  ,2356
202306, 2023 06 04 ,  lrt  ,1869
202306, 2023 06 05 ,  lrt  ,2749
202306, 2023 06 06 ,  lrt  ,2633
202306, 2023 06 07 ,  lrt  ,3030
202306, 2023 06 08 ,  lrt  ,2716
202306, 2023 06 09 ,  lrt  ,2995
202306, 2023 06 10 ,  lrt  ,2628
202306, 2023 06 11 ,  lrt  ,2113
202306, 2023 06 12 ,  lrt  ,2851
202306, 2023 06 13 ,  lrt  ,3066
202306, 2023 06 14 ,  lrt  ,3405
202306, 2023 06 15 ,  lrt  ,2910
202306, 2023 06 16 ,  lrt  ,2595
202306, 2023 06 17 ,  lrt  ,2650
202306, 2023 06 18 ,  lrt  ,2448
202306, 2023 06 19 ,  lrt  ,2880
202306, 2023 06 20 ,  lrt  ,2918
202306, 2023 06 21 ,  lrt  ,2785
202306, 2023 06 22 ,  lrt  ,6123
202306, 2023 06 23 ,  lrt  ,3052
202306, 2023 06 24 ,  lrt  ,2795
202306, 2023 06 25 ,  lrt  ,2316
202306, 2023 06 26 ,  lrt  ,3113
202306, 2023 06 27 ,  lrt  ,3051
202306, 2023 06 28 ,  lrt  ,2561
202306, 2023 06 29 ,  lrt  ,2160
202306, 2023 06 30 ,  lrt  ,2235
202306, 2023 06 01 ,  mrt  ,67729
202306, 2023 06 02 ,  mrt  ,73682
202306, 2023 06 03 ,  mrt  ,71267
202306, 2023 06 04 ,  mrt  ,55368
202306, 2023 06 05 ,  mrt  ,98957
202306, 2023 06 06 ,  mrt  ,105684
202306, 2023 06 07 ,  mrt  ,108584
202306, 2023 06 08 ,  mrt  ,102336
202306, 2023 06 09 ,  mrt  ,108803
202306, 2023 06 10 ,  mrt  ,60419
202306, 2023 06 11 ,  mrt  ,57786
202306, 2023 06 12 ,  mrt  ,101643
202306, 2023 06 13 ,  mrt  ,110059
202306, 2023 06 14 ,  mrt  ,111899
202306, 2023 06 15 ,  mrt  ,108301
202306, 2023 06 16 ,  mrt  ,101975
202306, 2023 06 17 ,  mrt  ,65311
202306, 2023 06 18 ,  mrt  ,60701
202306, 2023 06 19 ,  mrt  ,127417
202306, 2023 06 20 ,  mrt  ,110348
202306, 2023 06 21 ,  mrt  ,109430
202306, 2023 06 22 ,  mrt  ,149981
202306, 2023 06 23 ,  mrt  ,110135
202306, 2023 06 24 ,  mrt  ,65193
202306, 2023 06 25 ,  mrt  ,64207
202306, 2023 06 26 ,  mrt  ,107161
202306, 2023 06 27 ,  mrt  ,114318
202306, 2023 06 28 ,  mrt  ,66361
202306, 2023 06 29 ,  mrt  ,44259
202306, 2023 06 30 ,  mrt  ,70417
202306, 2023 06 01 ,  transjakarta  ,248240
202306, 2023 06 02 ,  transjakarta  ,280427
202306, 2023 06 03 ,  transjakarta  ,265902
202306, 2023 06 04 ,  transjakarta  ,232667
202306, 2023 06 05 ,  transjakarta  ,399224
202306, 2023 06 06 ,  transjakarta  ,399423
202306, 2023 06 07 ,  transjakarta  ,406281
202306, 2023 06 08 ,  transjakarta  ,403579
202306, 2023 06 09 ,  transjakarta  ,400288
202306, 2023 06 10 ,  transjakarta  ,271681
202306, 2023 06 11 ,  transjakarta  ,237994
202306, 2023 06 12 ,  transjakarta  ,409206
202306, 2023 06 13 ,  transjakarta  ,410297
202306, 2023 06 14 ,  transjakarta  ,412628
202306, 2023 06 15 ,  transjakarta  ,403973
202306, 2023 06 16 ,  transjakarta  ,372722
202306, 2023 06 17 ,  transjakarta  ,272844
202306, 2023 06 18 ,  transjakarta  ,245111
202306, 2023 06 19 ,  transjakarta  ,406081
202306, 2023 06 20 ,  transjakarta  ,423167
202306, 2023 06 21 ,  transjakarta  ,414006
202306, 2023 06 22 ,  transjakarta  ,471272
202306, 2023 06 23 ,  transjakarta  ,403924
202306, 2023 06 24 ,  transjakarta  ,296045
202306, 2023 06 25 ,  transjakarta  ,255095
202306, 2023 06 26 ,  transjakarta  ,405495
202306, 2023 06 27 ,  transjakarta  ,404368
202306, 2023 06 28 ,  transjakarta  ,282160
202306, 2023 06 29 ,  transjakarta  ,162363
202306, 2023 06 30 ,  transjakarta  ,268616
202306, 2023 06 01 , krl ,666885
202306, 2023 06 02 , krl ,660260
202306, 2023 06 03 , krl ,703862
202306, 2023 06 04 , krl ,620669
202306, 2023 06 05 , krl ,894861
202306, 2023 06 06 , krl ,856771
202306, 2023 06 07 , krl ,866036
202306, 2023 06 08 , krl ,855509
202306, 2023 06 09 , krl ,861648
202306, 2023 06 10 , krl ,688193
202306, 2023 06 11 , krl ,603672
202306, 2023 06 12 , krl ,896111
202306, 2023 06 13 , krl ,868279
202306, 2023 06 14 , krl ,857730
202306, 2023 06 15 , krl ,859975
202306, 2023 06 16 , krl ,809258
202306, 2023 06 17 , krl ,670072
202306, 2023 06 18 , krl ,591530
202306, 2023 06 19 , krl ,886327
202306, 2023 06 20 , krl ,865217
202306, 2023 06 21 , krl ,828990
202306, 2023 06 22 , krl ,830345
202306, 2023 06 23 , krl ,819892
202306, 2023 06 24 , krl ,678527
202306, 2023 06 25 , krl ,576501
202306, 2023 06 26 , krl ,880697
202306, 2023 06 27 , krl ,847644
202306, 2023 06 28 , krl ,653300
202306, 2023 06 29 , krl ,444361
202306, 2023 06 30 , krl ,682409
202306, 2023 06 01 , KCI Commuter Bandara ,7026
202306, 2023 06 02 , KCI Commuter Bandara ,484
202306, 2023 06 03 , KCI Commuter Bandara ,4971
202306, 2023 06 04 , KCI Commuter Bandara ,6688
202306, 2023 06 05 , KCI Commuter Bandara ,6309
202306, 2023 06 06 , KCI Commuter Bandara ,5378
202306, 2023 06 07 , KCI Commuter Bandara ,5589
202306, 2023 06 08 , KCI Commuter Bandara ,5075
202306, 2023 06 09 , KCI Commuter Bandara ,5938
202306, 2023 06 10 , KCI Commuter Bandara ,448
202306, 2023 06 11 , KCI Commuter Bandara ,4646
202306, 2023 06 12 , KCI Commuter Bandara ,5113
202306, 2023 06 13 , KCI Commuter Bandara ,5004
202306, 2023 06 14 , KCI Commuter Bandara ,5493
202306, 2023 06 15 , KCI Commuter Bandara ,5357
202306, 2023 06 16 , KCI Commuter Bandara ,6297
202306, 2023 06 17 , KCI Commuter Bandara ,5262
202306, 2023 06 18 , KCI Commuter Bandara ,5224
202306, 2023 06 19 , KCI Commuter Bandara ,6015
202306, 2023 06 20 , KCI Commuter Bandara ,5929
202306, 2023 06 21 , KCI Commuter Bandara ,5864
202306, 2023 06 22 , KCI Commuter Bandara ,5635
202306, 2023 06 23 , KCI Commuter Bandara ,6674
202306, 2023 06 24 , KCI Commuter Bandara ,5268
202306, 2023 06 25 , KCI Commuter Bandara ,4862
202306, 2023 06 26 , KCI Commuter Bandara ,5785
202306, 2023 06 27 , KCI Commuter Bandara ,6247
202306, 2023 06 28 , KCI Commuter Bandara ,6411
202306, 2023 06 29 , KCI Commuter Bandara ,4095
202306, 2023 06 30 , KCI Commuter Bandara ,4520
202307,2023 07 01,  lrt  ,2.411
202307,2023 07 02,  lrt  ,2.409
202307,2023 07 03,  lrt  ,3.047
202307,2023 07 04,  lrt  ,2.981
202307,2023 07 05,  lrt  ,3.060
202307,2023 07 06,  lrt  ,2.861
202307,2023 07 07,  lrt  ,2.927
202307,2023 07 08,  lrt  ,2.785
202307,2023 07 09,  lrt  ,2.345
202307,2023 07 10,  lrt  ,2.889
202307,2023 07 11,  lrt  ,3.026
202307,2023 07 12,  lrt  ,2.988
202307,2023 07 13,  lrt  ,2.902
202307,2023 07 14,  lrt  ,2.978
202307,2023 07 15,  lrt  ,2.626
202307,2023 07 16,  lrt  ,2.201
202307,2023 07 17,  lrt  ,2.824
202307,2023 07 18,  lrt  ,2.982
202307,2023 07 19,  lrt  ,3.199
202307,2023 07 20,  lrt  ,2.963
202307,2023 07 21,  lrt  ,2.899
202307,2023 07 22,  lrt  ,2.615
202307,2023 07 23,  lrt  ,2.280
202307,2023 07 24,  lrt  ,2.888
202307,2023 07 25,  lrt  ,2.826
202307,2023 07 26,  lrt  ,3.066
202307,2023 07 27,  lrt  ,2.823
202307,2023 07 28,  lrt  ,2.928
202307,2023 07 29,  lrt  ,2.784
202307,2023 07 30,  lrt  ,2.320
202307,2023 07 31,  lrt  ,2.741
202307,2023 07 01,  mrt  ,66.548
202307,2023 07 02,  mrt  ,69.938
202307,2023 07 03,  mrt  ,105.212
202307,2023 07 04,  mrt  ,115.597
202307,2023 07 05,  mrt  ,118.259
202307,2023 07 06,  mrt  ,113.165
202307,2023 07 07,  mrt  ,110.545
202307,2023 07 08,  mrt  ,71.818
202307,2023 07 09,  mrt  ,73.765
202307,2023 07 10,  mrt  ,106.826
202307,2023 07 11,  mrt  ,116.516
202307,2023 07 12,  mrt  ,115.376
202307,2023 07 13,  mrt  ,114.159
202307,2023 07 14,  mrt  ,109.082
202307,2023 07 15,  mrt  ,64.457
202307,2023 07 16,  mrt  ,61.794
202307,2023 07 17,  mrt  ,102.831
202307,2023 07 18,  mrt  ,114.207
202307,2023 07 19,  mrt  ,58.406
202307,2023 07 20,  mrt  ,107.011
202307,2023 07 21,  mrt  ,109.707
202307,2023 07 22,  mrt  ,61.009
202307,2023 07 23,  mrt  ,64.547
202307,2023 07 24,  mrt  ,102.937
202307,2023 07 25,  mrt  ,116.067
202307,2023 07 26,  mrt  ,112.546
202307,2023 07 27,  mrt  ,109.732
202307,2023 07 28,  mrt  ,110.746
202307,2023 07 29,  mrt  ,74.584
202307,2023 07 30,  mrt  ,76.574
202307,2023 07 31,  mrt  ,105.488
202307,2023 07 01, krl ,659.315
202307,2023 07 02, krl ,668.895
202307,2023 07 03, krl ,912.923
202307,2023 07 04, krl ,890.914
202307,2023 07 05, krl ,895.543
202307,2023 07 06, krl ,876.134
202307,2023 07 07, krl ,847.502
202307,2023 07 08, krl ,736.796
202307,2023 07 09, krl ,684.029
202307,2023 07 10, krl ,908.740
202307,2023 07 11, krl ,880.156
202307,2023 07 12, krl ,870.612
202307,2023 07 13, krl ,861.793
202307,2023 07 14, krl ,841.578
202307,2023 07 15, krl ,683.630
202307,2023 07 16, krl ,580.085
202307,2023 07 17, krl ,841.460
202307,2023 07 18, krl ,843.588
202307,2023 07 19, krl ,499.497
202307,2023 07 20, krl ,822.811
202307,2023 07 21, krl , 
202307,2023 07 22, krl , 
202307,2023 07 23, krl , 
202307,2023 07 24, krl ,829.999
202305,2023 05 13, mrt ,58522
202305,2023 05 14, mrt ,60939
202305,2023 05 15, mrt ,98591
202305,2023 05 16, mrt ,105901
202305,2023 05 17, mrt ,108836
202305,2023 05 18, mrt ,51819
202305,2023 05 19, mrt ,94807
202305,2023 05 20, mrt ,55693
202305,2023 05 21, mrt ,51575
202305,2023 05 22, mrt ,97280
202305,2023 05 23, mrt ,102586
202305,2023 05 24, mrt ,103266
202305,2023 05 25, mrt ,98717
202305,2023 05 26, mrt ,103897
202305,2023 05 27, mrt ,60342
202305,2023 05 28, mrt ,58387
202305,2023 05 29, mrt ,100355
202305,2023 05 30, mrt ,105934
202305,2023 05 31, mrt ,112435
202305,2023 05 01, transjakarta ,189308
202305,2023 05 02, transjakarta ,389178
202305,2023 05 03, transjakarta ,391130
202305,2023 05 04, transjakarta ,382684
202305,2023 05 05, transjakarta ,380701
202305,2023 05 06, transjakarta ,255571
202305,2023 05 07, transjakarta ,217454
202305,2023 05 08, transjakarta ,396416
202305,2023 05 09, transjakarta ,398379
202305,2023 05 10, transjakarta ,400652
202305,2023 05 11, transjakarta ,393284
202305,2023 05 12, transjakarta ,383837
202305,2023 05 13, transjakarta ,261201
202305,2023 05 14, transjakarta ,235244
202305,2023 05 15, transjakarta ,396244
202305,2023 05 16, transjakarta ,399077
202305,2023 05 17, transjakarta ,404735
202305,2023 05 18, transjakarta ,220892
202305,2023 05 19, transjakarta ,378441
202305,2023 05 20, transjakarta ,267638
202305,2023 05 21, transjakarta ,244690
202305,2023 05 22, transjakarta ,398998
202305,2023 05 23, transjakarta ,401465
202305,2023 05 24, transjakarta ,400076
202305,2023 05 25, transjakarta ,393110
202305,2023 05 26, transjakarta ,391089
202305,2023 05 27, transjakarta ,266874
202305,2023 05 28, transjakarta ,234523
202305,2023 05 29, transjakarta ,402805
202305,2023 05 30, transjakarta ,404002
202305,2023 05 31, transjakarta ,409625
202305,2023 05 01,krl,585065
202305,2023 05 02,krl,841150
202305,2023 05 03,krl,815800
202305,2023 05 04,krl,804122
202305,2023 05 05,krl,806845
202305,2023 05 06,krl,649974
202305,2023 05 07,krl,572730
202305,2023 05 08,krl,831468
202305,2023 05 09,krl,812028
202305,2023 05 10,krl,805705
202305,2023 05 11,krl,792582
202305,2023 05 12,krl,810674
202305,2023 05 13,krl,623202
202305,2023 05 14,krl,569206
202305,2023 05 15,krl,830868
202305,2023 05 16,krl,805175
202305,2023 05 17,krl,838986
202305,2023 05 18,krl,520349
202305,2023 05 19,krl,798554
202305,2023 05 20,krl,621281
202305,2023 05 21,krl,529847
202305,2023 05 22,krl,832571
202305,2023 05 23,krl,808070
202305,2023 05 24,krl,806916
202305,2023 05 25,krl,805598
202305,2023 05 26,krl,822408
202305,2023 05 27,krl,657152
202305,2023 05 28,krl,571302
202305,2023 05 29,krl,853505
202305,2023 05 30,krl,825270
202305,2023 05 31,krl,851171
202305,2023 05 01,KCI Commuter Bandara,6737
202305,2023 05 02,KCI Commuter Bandara,6239
202305,2023 05 03,KCI Commuter Bandara,5849
202305,2023 05 04,KCI Commuter Bandara,5307
202305,2023 05 05,KCI Commuter Bandara,5550
202305,2023 05 06,KCI Commuter Bandara,4543
202305,2023 05 07,KCI Commuter Bandara,4910
202305,2023 05 08,KCI Commuter Bandara,5568
202305,2023 05 09,KCI Commuter Bandara,5155
202305,2023 05 10,KCI Commuter Bandara,5249
202305,2023 05 11,KCI Commuter Bandara,5046
202305,2023 05 12,KCI Commuter Bandara,5500
202305,2023 05 13,KCI Commuter Bandara,4546
202305,2023 05 14,KCI Commuter Bandara,4730
202305,2023 05 15,KCI Commuter Bandara,5140
202305,2023 05 16,KCI Commuter Bandara,4868
202305,2023 05 17,KCI Commuter Bandara,5768
202305,2023 05 18,KCI Commuter Bandara,4834
202305,2023 05 19,KCI Commuter Bandara,4869
202305,2023 05 20,KCI Commuter Bandara,3942
202305,2023 05 21,KCI Commuter Bandara,4927
202305,2023 05 22,KCI Commuter Bandara,5417
202305,2023 05 23,KCI Commuter Bandara,4917
202305,2023 05 24,KCI Commuter Bandara,5195
202305,2023 05 25,KCI Commuter Bandara,5242
202305,2023 05 26,KCI Commuter Bandara,5869
202305,2023 05 27,KCI Commuter Bandara,4692
202305,2023 05 28,KCI Commuter Bandara,4932
202305,2023 05 29,KCI Commuter Bandara,5149
202305,2023 05 30,KCI Commuter Bandara,5097
202305,2023 05 31,KCI Commuter Bandara,7345
202307,2023 07 25, krl ,789.043
202307,2023 07 26, krl ,816.198
202307,2023 07 27, krl , 
202307,2023 07 28, krl , 
202307,2023 07 29, krl , 
202307,2023 07 30, krl , 
202307,2023 07 31, krl , 
202306, 2023 06 01 ,  bus sekolah  ,2675
202306, 2023 06 02 ,  bus sekolah  ,664
202306, 2023 06 03 ,  bus sekolah  ,1261
202306, 2023 06 04 ,  bus sekolah  ,1171
202306, 2023 06 05 ,  bus sekolah  ,31678
202306, 2023 06 06 ,  bus sekolah  ,31939
202306, 2023 06 07 ,  bus sekolah  ,31564
202306, 2023 06 08 ,  bus sekolah  ,32434
202306, 2023 06 09 ,  bus sekolah  ,27281
202306, 2023 06 10 ,  bus sekolah  ,1637
202306, 2023 06 11 ,  bus sekolah  ,992
202306, 2023 06 12 ,  bus sekolah  ,29282
202306, 2023 06 13 ,  bus sekolah  ,27839
202306, 2023 06 14 ,  bus sekolah  ,28642
202306, 2023 06 15 ,  bus sekolah  ,26125
202306, 2023 06 16 ,  bus sekolah  ,22998
202306, 2023 06 17 ,  bus sekolah  ,1352
202306, 2023 06 18 ,  bus sekolah  ,1470
202306, 2023 06 19 ,  bus sekolah  ,19606
202306, 2023 06 20 ,  bus sekolah  ,15251
202306, 2023 06 21 ,  bus sekolah  ,15659
202306, 2023 06 22 ,  bus sekolah  ,14237
202306, 2023 06 23 ,  bus sekolah  ,3181
202306, 2023 06 24 ,  bus sekolah  ,1212
202306, 2023 06 25 ,  bus sekolah  ,688
202306, 2023 06 26 ,  bus sekolah  ,1341
202306, 2023 06 27 ,  bus sekolah  ,1226
202306, 2023 06 28 ,  bus sekolah  ,784
202306, 2023 06 29 ,  bus sekolah  ,355
202306, 2023 06 30 ,  bus sekolah  ,553
202306, 2023 06 01 ,  kapal  ,45047
202306, 2023 06 02 ,  kapal  ,45048
202306, 2023 06 03 ,  kapal  ,45049
202306, 2023 06 04 ,  kapal  ,4505
202306, 2023 06 05 ,  kapal  ,45051
202306, 2023 06 06 ,  kapal  ,45052
202306, 2023 06 07 ,  kapal  ,45053
202306, 2023 06 08 ,  kapal  ,45054
202306, 2023 06 09 ,  kapal  ,45055
202306, 2023 06 10 ,  kapal  ,45056
202306, 2023 06 11 ,  kapal  ,45057
202306, 2023 06 12 ,  kapal  ,45058
202306, 2023 06 13 ,  kapal  ,45059
202306, 2023 06 14 ,  kapal  ,4506
202306, 2023 06 15 ,  kapal  ,45061
202306, 2023 06 16 ,  kapal  ,45062
202306, 2023 06 17 ,  kapal  ,45063
202306, 2023 06 18 ,  kapal  ,45064
202306, 2023 06 19 ,  kapal  ,45065
202306, 2023 06 20 ,  kapal  ,45066
202306, 2023 06 21 ,  kapal  ,45067
202306, 2023 06 22 ,  kapal  ,45068
202306, 2023 06 23 ,  kapal  ,45069
202306, 2023 06 24 ,  kapal  ,4507
202306, 2023 06 25 ,  kapal  ,45071
202306, 2023 06 26 ,  kapal  ,45072
202306, 2023 06 27 ,  kapal  ,45073
202306, 2023 06 28 ,  kapal  ,45074
202307,2023 07 01, KCI Commuter Bandara ,4.878
202307,2023 07 02, KCI Commuter Bandara ,6.778
202307,2023 07 03, KCI Commuter Bandara ,6.587
202307,2023 07 04, KCI Commuter Bandara ,6.110
202307,2023 07 05, KCI Commuter Bandara ,5.923
202307,2023 07 06, KCI Commuter Bandara ,6.061
202307,2023 07 07, KCI Commuter Bandara ,6.697
202307,2023 07 08, KCI Commuter Bandara ,5.336
202307,2023 07 09, KCI Commuter Bandara ,5.378
202307,2023 07 10, KCI Commuter Bandara ,5.893
202307,2023 07 11, KCI Commuter Bandara ,5.959
202307,2023 07 12, KCI Commuter Bandara ,6.081
202307,2023 07 13, KCI Commuter Bandara ,6.192
202307,2023 07 14, KCI Commuter Bandara ,6.935
202307,2023 07 15, KCI Commuter Bandara ,5.303
202307,2023 07 16, KCI Commuter Bandara ,5.064
202307,2023 07 17, KCI Commuter Bandara ,5.413
202307,2023 07 18, KCI Commuter Bandara ,6.023
202307,2023 07 19, KCI Commuter Bandara ,5.651
202307,2023 07 20, KCI Commuter Bandara ,5.778
202307,2023 07 21, KCI Commuter Bandara , 
202307,2023 07 22, KCI Commuter Bandara , 
202307,2023 07 23, KCI Commuter Bandara , 
202307,2023 07 24, KCI Commuter Bandara ,5.713
202307,2023 07 25, KCI Commuter Bandara ,5.546
202307,2023 07 26, KCI Commuter Bandara ,5.756
202307,2023 07 27, KCI Commuter Bandara , 
202307,2023 07 28, KCI Commuter Bandara , 
202307,2023 07 29, KCI Commuter Bandara , 
202307,2023 07 30, KCI Commuter Bandara , 
202307,2023 07 31, KCI Commuter Bandara , 
202307,2023 07 01,bus sekolah,222
202307,2023 07 02,bus sekolah,247
202307,2023 07 03,bus sekolah,60
202307,2023 07 04,bus sekolah,298
202307,2023 07 05,bus sekolah,314
202307,2023 07 06,bus sekolah,280
202307,2023 07 07,bus sekolah,264
202307,2023 07 08,bus sekolah,486
202307,2023 07 09,bus sekolah,154
202307,2023 07 10,bus sekolah,452
202307,2023 07 11,bus sekolah,432
202307,2023 07 12,bus sekolah,26834
202307,2023 07 13,bus sekolah,29398
202307,2023 07 14,bus sekolah,27744
202307,2023 07 15,bus sekolah,1651
202307,2023 07 16,bus sekolah,332
202307,2023 07 17,bus sekolah,34263
202307,2023 07 18,bus sekolah,34894
202307,2023 07 19,bus sekolah,206
202307,2023 07 20,bus sekolah,34336
202307,2023 07 21,bus sekolah,34119
202307,2023 07 22,bus sekolah,909
202307,2023 07 23,bus sekolah,655
202307,2023 07 24,bus sekolah,40040
202307,2023 07 25,bus sekolah,42922
202307,2023 07 26,bus sekolah,40792
202307,2023 07 27,bus sekolah,39080
202307,2023 07 28,bus sekolah,38976
202307,2023 07 29,bus sekolah,2272
202307,2023 07 30,bus sekolah,788
202307,2023 07 31,bus sekolah,40689
202307,2023 07 01,transjakarta,266403
202307,2023 07 02,transjakarta,262267
202307,2023 07 03,transjakarta,410750
202307,2023 07 04,transjakarta,422607
202307,2023 07 05,transjakarta,425460
202307,2023 07 06,transjakarta,407207
202307,2023 07 07,transjakarta,397741
202307,2023 07 08,transjakarta,305910
202307,2023 07 09,transjakarta,283412
202307,2023 07 10,transjakarta,420365
202307,2023 07 11,transjakarta,424839
202307,2023 07 12,transjakarta,420454
202307,2023 07 13,transjakarta,417414
202307,2023 07 14,transjakarta,406018
202307,2023 07 15,transjakarta,279789
202307,2023 07 16,transjakarta,241523
202307,2023 07 17,transjakarta,408865
202307,2023 07 18,transjakarta,410957
202307,2023 07 19,transjakarta,213426
202307,2023 07 20,transjakarta,411124
202307,2023 07 21,transjakarta,401104
202307,2023 07 22,transjakarta,267510
202307,2023 07 23,transjakarta,228296
202307,2023 07 24,transjakarta,405764
202307,2023 07 25,transjakarta,409326
202307,2023 07 26,transjakarta,410340
202307,2023 07 27,transjakarta,404754
202307,2023 07 28,transjakarta,401208
202307,2023 07 29,transjakarta,286489
202307,2023 07 30,transjakarta,252302
202307,2023 07 31,transjakarta,411622
202307,2023 07 01,kapal,12.928
202307,2023 07 02,kapal,10.977
202307,2023 07 03,kapal,4.570
202307,2023 07 04,kapal,3.924
202307,2023 07 05,kapal,4.051
202307,2023 07 06,kapal,3.969
202307,2023 07 07,kapal,3.919
202307,2023 07 08,kapal,10.669
202307,2023 07 09,kapal,10.035
202307,2023 07 10,kapal,3.539
202307,2023 07 11,kapal,3.375
202307,2023 07 12,kapal,2.651
202307,2023 07 13,kapal,2.691
202307,2023 07 14,kapal,2.717
202307,2023 07 15,kapal,7.017
202307,2023 07 16,kapal,6.738
202307,2023 07 17,kapal,1.970
202307,2023 07 18,kapal,1.534
202307,2023 07 19,kapal,2.439
202307,2023 07 20,kapal,1.629
202307,2023 07 21,kapal,1.751
202307,2023 07 22,kapal,6.740
202307,2023 07 23,kapal,6.690
202307,2023 07 24,kapal,2.020
202307,2023 07 25,kapal,1.289
202307,2023 07 26,kapal,1.381
202308,2023-08-25,transjakarta,408345
202308,2023-08-26,transjakarta,282422
202308,2023-08-27,transjakarta,246739
202308,2023-08-28,transjakarta,420126
202308,2023-08-29,transjakarta,422024
202308,2023-08-30,transjakarta,430748
202308,2023-08-31,transjakarta,417971
202308,2023-08-01,bus sekolah,42730
202308,2023-08-02,bus sekolah,40826
202308,2023-08-03,bus sekolah,42479
202308,2023-08-04,bus sekolah,38848
202308,2023-08-05,bus sekolah,899
202308,2023-08-06,bus sekolah,8042
202308,2023-08-07,bus sekolah,42739
202308,2023-08-08,bus sekolah,42440
202308,2023-08-09,bus sekolah,43878
202308,2023-08-10,bus sekolah,42704
202308,2023-08-11,bus sekolah,40849
202308,2023-08-12,bus sekolah,1380
202308,2023-08-13,bus sekolah,2036
202308,2023-08-14,bus sekolah,41293
202308,2023-08-15,bus sekolah,37648
202308,2023-08-16,bus sekolah,37121
202308,2023-08-17,bus sekolah,1580
202308,2023-08-18,bus sekolah,34204
202308,2023-08-19,bus sekolah,2734
202308,2023-08-20,bus sekolah,280
202308,2023-08-21,bus sekolah,41237
202308,2023-08-22,bus sekolah,42395
202308,2023-08-23,bus sekolah,39791
202308,2023-08-24,bus sekolah,42466
202308,2023-08-25,bus sekolah,39081
202308,2023-08-26,bus sekolah,1816
202308,2023-08-27,bus sekolah,1149
202308,2023-08-28,bus sekolah,37611
202308,2023-08-29,bus sekolah,36725
202308,2023-08-30,bus sekolah,38267
202308,2023-08-31,bus sekolah,36996
202309,2023-09-01,bus sekolah,39692
202309,2023-09-02,bus sekolah,1459
202309,2023-09-03,bus sekolah,872
202309,2023-09-04,bus sekolah,37561
202309,2023-09-05,bus sekolah,36853
202309,2023-09-06,bus sekolah,38218
202309,2023-09-07,bus sekolah,38151
202309,2023-09-08,bus sekolah,39163
202309,2023-09-09,bus sekolah,1108
202309,2023-09-10,bus sekolah,2094
202309,2023-09-11,bus sekolah,43128
202309,2023-09-12,bus sekolah,42485
202309,2023-09-13,bus sekolah,42546
202309,2023-09-14,bus sekolah,41954
202309,2023-09-15,bus sekolah,42024
202309,2023-09-16,bus sekolah,3027
202309,2023-09-17,bus sekolah,102
202309,2023-09-18,bus sekolah,42369
202309,2023-09-19,bus sekolah,43149
202309,2023-09-20,bus sekolah,42893
202309,2023-09-21,bus sekolah,43870
202309,2023-09-22,bus sekolah,41128
202309,2023-09-23,bus sekolah,1390
202309,2023-09-24,bus sekolah,1352
202309,2023-09-25,bus sekolah,41500
202309,2023-09-26,bus sekolah,42209
202309,2023-09-27,bus sekolah,39539
202309,2023-09-28,bus sekolah,973
202309,2023-09-29,bus sekolah,39004
202309,2023-09-30,bus sekolah,1162
202309,2023-09-01,kapal,1816
202309,2023-09-02,kapal,8368
202309,2023-09-03,kapal,7591
202309,2023-09-04,kapal,1741
202309,2023-09-05,kapal,1625
202309,2023-09-06,kapal,1813
202309,2023-09-07,kapal,1549
202309,2023-09-08,kapal,1380
202309,2023-09-09,kapal,7345
202309,2023-09-10,kapal,7038
202309,2023-09-11,kapal,1796
202309,2023-09-12,kapal,1719
202309,2023-09-13,kapal,1558
202309,2023-09-14,kapal,1624
202309,2023-09-15,kapal,1768
202309,2023-09-16,kapal,6824
202309,2023-09-17,kapal,6451
202309,2023-09-18,kapal,1844
202309,2023-09-19,kapal,1553
202309,2023-09-20,kapal,1269
202309,2023-09-21,kapal,1673
202309,2023-09-22,kapal,1978
202309,2023-09-23,kapal,5194
202309,2023-09-24,kapal,5649
202309,2023-09-25,kapal,1566
202309,2023-09-26,kapal,1190
202309,2023-09-27,kapal,1727
202309,2023-09-28,kapal,4863
202309,2023-09-29,kapal,2980
202309,2023-09-30,kapal,8390
202309,2023-09-01,transjakarta,1015361
202309,2023-09-02,transjakarta,695963
202309,2023-09-03,transjakarta,617558
202309,2023-09-04,transjakarta,1026591
202309,2023-09-05,transjakarta,1014345
202309,2023-09-06,transjakarta,1014851
202309,2023-09-07,transjakarta,1007231
202309,2023-09-08,transjakarta,1032009
202309,2023-09-09,transjakarta,700670
202309,2023-09-10,transjakarta,621726
202309,2023-09-11,transjakarta,1065550
202309,2023-09-12,transjakarta,1078830
202309,2023-09-13,transjakarta,1074826
202309,2023-09-14,transjakarta,1070391
202309,2023-09-15,transjakarta,1064895
202309,2023-09-16,transjakarta,711037
202309,2023-09-17,transjakarta,605562
202309,2023-09-18,transjakarta,1080611
202309,2023-09-19,transjakarta,1094329
202309,2023-09-20,transjakarta,1101370
202309,2023-09-21,transjakarta,1090495
202309,2023-09-22,transjakarta,1081846
202309,2023-09-23,transjakarta,742942
202309,2023-09-24,transjakarta,611442
202309,2023-09-25,transjakarta,1100966
202309,2023-09-26,transjakarta,1105993
202309,2023-09-27,transjakarta,1109120
202309,2023-09-28,transjakarta,615710
202309,2023-09-29,transjakarta,1043002
202309,2023-09-30,transjakarta,730363
202309,2023-09-01,mrt,111335
202309,2023-09-02,mrt,71699
202309,2023-09-03,mrt,60572
202309,2023-09-04,mrt,101534
202309,2023-09-05,mrt,104937
202309,2023-09-06,mrt,122248
202309,2023-09-07,mrt,112328
202309,2023-09-08,mrt,105648
202309,2023-09-09,mrt,73165
202309,2023-09-10,mrt,66534
202309,2023-09-11,mrt,112236
202309,2023-09-12,mrt,114115
202309,2023-09-13,mrt,112240
202309,2023-09-14,mrt,111141
202309,2023-09-15,mrt,114870
202309,2023-09-16,mrt,69746
202309,2023-09-17,mrt,64976
202309,2023-09-18,mrt,110533
202309,2023-09-19,mrt,111959
202309,2023-09-20,mrt,118060
202309,2023-09-21,mrt,116598
202309,2023-09-22,mrt,122441
202309,2023-09-23,mrt,107123
202309,2023-09-24,mrt,69949
202309,2023-09-25,mrt,111606
202309,2023-09-26,mrt,120653
202309,2023-09-27,mrt,126329
202309,2023-09-28,mrt,70833
202309,2023-09-29,mrt,107469
202309,2023-09-30,mrt,80314
202309,2023-09-01,lrt,3415
202309,2023-09-02,lrt,3259
202309,2023-09-03,lrt,2844
202309,2023-09-04,lrt,3052
202309,2023-09-05,lrt,2941
202309,2023-09-06,lrt,3276
202309,2023-09-07,lrt,3109
202309,2023-09-08,lrt,3436
202309,2023-09-09,lrt,3240
202309,2023-09-10,lrt,2560
202309,2023-09-11,lrt,3058
202309,2023-09-12,lrt,3009
202309,2023-09-13,lrt,3281
202309,2023-09-14,lrt,3042
202309,2023-09-15,lrt,3232
202309,2023-09-16,lrt,3071
202309,2023-09-17,lrt,2582
202309,2023-09-18,lrt,3092
202309,2023-09-19,lrt,2909
202309,2023-09-20,lrt,3158
202309,2023-09-21,lrt,3000
202309,2023-09-22,lrt,3446
202309,2023-09-23,lrt,3125
202309,2023-09-24,lrt,2655
202309,2023-09-25,lrt,3040
202309,2023-09-26,lrt,3358
202309,2023-09-27,lrt,3568
202309,2023-09-28,lrt,3034
202309,2023-09-29,lrt,2971
202309,2023-09-30,lrt,2955
202308,2023-08-01,  lrt  ,2882
202308,2023-08-02,  lrt  ,2958
202308,2023-08-03,  lrt  ,3027
202308,2023-08-04,  lrt  ,3061
202308,2023-08-05,  lrt  ,3046
202308,2023-08-06,  lrt  ,2503
202308,2023-08-07,  lrt  ,2806
202308,2023-08-08,  lrt  ,2906
202308,2023-08-09,  lrt  ,2866
202308,2023-08-10,  lrt  ,3091
202308,2023-08-11,  lrt  ,3034
202308,2023-08-12,  lrt  ,2790
202308,2023-08-13,  lrt  ,2423
202308,2023-08-14,  lrt  ,2829
202308,2023-08-15,  lrt  ,2788
202308,2023-08-16,  lrt  ,2788
202308,2023-08-17,  lrt  ,2553
202308,2023-08-18,  lrt  ,2748
202308,2023-08-19,  lrt  ,2793
202308,2023-08-20,  lrt  ,2258
202308,2023-08-21,  lrt  ,2838
202308,2023-08-22,  lrt  ,2637
202308,2023-08-23,  lrt  ,2818
202308,2023-08-24,  lrt  ,2939
202308,2023-08-25,  lrt  ,3047
202308,2023-08-26,  lrt  ,2692
202308,2023-08-27,  lrt  ,2290
202308,2023-08-28,  lrt  ,2932
202308,2023-08-29,  lrt  ,2992
202308,2023-08-30,  lrt  ,3135
202308,2023-08-31,  lrt  ,3006
202308,2023-08-01,  mrt  ,113096
202308,2023-08-02,  mrt  ,113705
202308,2023-08-03,  mrt  ,113824
202308,2023-08-04,  mrt  ,115884
202308,2023-08-05,  mrt  ,71555
202308,2023-08-06,  mrt  ,67030
202308,2023-08-07,  mrt  ,105832
202308,2023-08-08,  mrt  ,113145
202308,2023-08-09,  mrt  ,115407
202308,2023-08-10,  mrt  ,114023
202308,2023-08-11,  mrt  ,110633
202308,2023-08-12,  mrt  ,72448
202308,2023-08-13,  mrt  ,60193
202308,2023-08-14,  mrt  ,108608
202308,2023-08-15,  mrt  ,114849
202308,2023-08-16,  mrt  ,118030
202308,2023-08-17,  mrt  ,54561
202308,2023-08-18,  mrt  ,99023
202308,2023-08-19,  mrt  ,58119
202308,2023-08-20,  mrt  ,54149
202308,2023-08-21,  mrt  ,104375
202308,2023-08-22,  mrt  ,110598
202308,2023-08-23,  mrt  ,108407
202308,2023-08-24,  mrt  ,104243
202308,2023-08-25,  mrt  ,114368
202308,2023-08-26,  mrt  ,66495
202308,2023-08-27,  mrt  ,58541
202308,2023-08-28,  mrt  ,102656
202308,2023-08-29,  mrt  ,111665
202308,2023-08-30,  mrt  ,114380
202308,2023-08-31,  mrt  ,109882
202308,2023-08-01, krl ,803330
202308,2023-08-02, krl ,868691
202308,2023-08-03, krl ,865984
202308,2023-08-04, krl ,879345
202308,2023-08-05, krl ,725748
202308,2023-08-06, krl ,643020
202308,2023-08-07, krl ,894926
202308,2023-08-08, krl ,832162
202308,2023-08-09, krl ,831974
202308,2023-08-10, krl ,834614
202308,2023-08-11, krl ,843620
202308,2023-08-12, krl ,680801
202308,2023-08-13, krl ,585599
202308,2023-08-14, krl ,866142
202308,2023-08-15, krl ,839922
202308,2023-08-16, krl ,877901
202308,2023-08-17, krl ,508276
202308,2023-08-18, krl ,809891
202308,2023-08-19, krl ,583330
202308,2023-08-20, krl ,516571
202308,2023-08-21, krl ,920727
202308,2023-08-22, krl ,829680
202308,2023-08-23, krl ,820741
202308,2023-08-24, krl ,812660
202308,2023-08-25, krl ,831227
202308,2023-08-26, krl ,650335
202308,2023-08-27, krl ,573408
202308,2023-08-28, krl ,856727
202308,2023-08-29, krl ,840962
202308,2023-08-30, krl , 
202308,2023-08-31, krl , 
202308,2023-08-01, KCI Commuter Bandara ,5550
202308,2023-08-02, KCI Commuter Bandara ,5632
202308,2023-08-03, KCI Commuter Bandara ,5568
202308,2023-08-04, KCI Commuter Bandara ,6195
202308,2023-08-05, KCI Commuter Bandara ,5257
202308,2023-08-06, KCI Commuter Bandara ,5305
202308,2023-08-07, KCI Commuter Bandara ,5676
202308,2023-08-08, KCI Commuter Bandara ,5450
202308,2023-08-09, KCI Commuter Bandara ,5816
202308,2023-08-10, KCI Commuter Bandara ,5846
202308,2023-08-11, KCI Commuter Bandara ,6670
202308,2023-08-12, KCI Commuter Bandara ,5321
202308,2023-08-13, KCI Commuter Bandara ,5178
202308,2023-08-14, KCI Commuter Bandara ,5884
202308,2023-08-15, KCI Commuter Bandara ,5548
202308,2023-08-16, KCI Commuter Bandara ,6715
202308,2023-08-17, KCI Commuter Bandara ,5172
202308,2023-08-18, KCI Commuter Bandara ,5314
202308,2023-08-19, KCI Commuter Bandara ,4938
202308,2023-08-20, KCI Commuter Bandara ,5902
202308,2023-08-21, KCI Commuter Bandara ,6525
202308,2023-08-22, KCI Commuter Bandara ,5754
202308,2023-08-23, KCI Commuter Bandara ,6223
202308,2023-08-24, KCI Commuter Bandara ,6192
202308,2023-08-25, KCI Commuter Bandara ,6992
202308,2023-08-26, KCI Commuter Bandara ,5730
202308,2023-08-27, KCI Commuter Bandara ,5679
202308,2023-08-28, KCI Commuter Bandara ,6313
202308,2023-08-29, KCI Commuter Bandara ,5931
202307,2023 07 27,kapal,1.771
202307,2023 07 28,kapal,1.984
202307,2023 07 29,kapal,6.955
202307,2023 07 30,kapal,6.532
202307,2023 07 31,kapal, 
202308,2023-08-30, KCI Commuter Bandara , 
202308,2023-08-31, KCI Commuter Bandara , 
202308,2023-08-01,kapal,1382
202308,2023-08-02,kapal,1294
202308,2023-08-03,kapal,1689
202308,2023-08-04,kapal,2036
202308,2023-08-05,kapal,8185
202308,2023-08-06,kapal,7391
202308,2023-08-07,kapal,2316
202308,2023-08-08,kapal,1602
202308,2023-08-09,kapal,1571
202308,2023-08-10,kapal,1581
202308,2023-08-11,kapal,1786
202308,2023-08-12,kapal,6722
202308,2023-08-13,kapal,7082
202308,2023-08-14,kapal,1535
202308,2023-08-15,kapal,1252
202308,2023-08-16,kapal,1523
202308,2023-08-17,kapal,3895
202308,2023-08-18,kapal,2290
202308,2023-08-19,kapal,6094
202308,2023-08-20,kapal,5379
202308,2023-08-21,kapal,2007
202308,2023-08-22,kapal,1652
202308,2023-08-23,kapal,1482
202308,2023-08-24,kapal,1509
202308,2023-08-25,kapal,1677
202308,2023-08-26,kapal,7020
202308,2023-08-27,kapal,6541
202308,2023-08-28,kapal,1743
202308,2023-08-29,kapal,1767
202308,2023-08-30,kapal,1295
202308,2023-08-31,kapal,1145
202308,2023-08-01,transjakarta,1009442
202308,2023-08-02,transjakarta,1000587
202308,2023-08-03,transjakarta,1002236
202308,2023-08-04,transjakarta,979014
202308,2023-08-05,transjakarta,670806
202308,2023-08-06,transjakarta,628885
202308,2023-08-07,transjakarta,1006666
202308,2023-08-08,transjakarta,1011406
202308,2023-08-09,transjakarta,1000208
202308,2023-08-10,transjakarta,991508
202308,2023-08-11,transjakarta,982905
202308,2023-08-12,transjakarta,676818
202308,2023-08-13,transjakarta,597413
202308,2023-08-14,transjakarta,1008471
202308,2023-08-15,transjakarta,1011261
202308,2023-08-16,transjakarta,989925
202308,2023-08-17,transjakarta,535537
202308,2023-08-18,transjakarta,941749
202308,2023-08-19,transjakarta,625534
202308,2023-08-20,transjakarta,498446
202308,2023-08-21,transjakarta,433517
202308,2023-08-22,transjakarta,418970
202308,2023-08-23,transjakarta,416837
202308,2023-08-24,transjakarta,409463
202311,2023-11-05,mrt,67097
202311,2023-11-05,lrt,1905
202311,2023-11-05,krl,728597
202311,2023-11-05,KCI Commuter Bandara,6273
202311,2023-11-05,bus sekolah,915
202311,2023-11-05,transjakarta,642921
202311,2023-11-05,kapal,6011
202311,2023-11-06,mrt,109214
202311,2023-11-06,lrt,2980
202311,2023-11-06,krl,929069
202311,2023-11-06,KCI Commuter Bandara,6395
202311,2023-11-06,bus sekolah,42382
202311,2023-11-06,transjakarta,1121028
202311,2023-11-06,kapal,1835
202311,2023-11-07,mrt,117030
202311,2023-11-07,lrt,2964
202311,2023-11-07,krl,901039
202311,2023-11-07,KCI Commuter Bandara,6221
202311,2023-11-07,bus sekolah,43705
202311,2023-11-07,transjakarta,1130181
202311,2023-11-07,kapal,1508
202311,2023-11-08,mrt,119248
202311,2023-11-08,lrt,3310
202311,2023-11-08,krl,898901
202311,2023-11-08,KCI Commuter Bandara,6592
202311,2023-11-08,bus sekolah,45559
202311,2023-11-08,transjakarta,1128956
202311,2023-11-08,kapal,1642
202311,2023-11-09,mrt,116221
202311,2023-11-09,lrt,3083
202311,2023-11-09,krl,896058
202311,2023-11-09,KCI Commuter Bandara,6391
202311,2023-11-09,bus sekolah,43363
202311,2023-11-09,transjakarta,1124007
202311,2023-11-09,kapal,1711
202311,2023-11-10,mrt,114974
202311,2023-11-10,lrt,3424
202311,2023-11-10,krl,902979
202311,2023-11-10,KCI Commuter Bandara,7804
202311,2023-11-10,bus sekolah,41634
202311,2023-11-10,transjakarta,1101730
202311,2023-11-10,kapal,2097
202311,2023-11-11,mrt,69618
202311,2023-11-11,lrt,3251
202311,2023-11-11,krl,729276
202311,2023-11-11,KCI Commuter Bandara,5671
202311,2023-11-11,bus sekolah,1602
202311,2023-11-11,transjakarta,748574
202311,2023-11-11,kapal,5909
202311,2023-11-12,mrt,61545
202311,2023-11-12,lrt,2529
202311,2023-11-12,krl,646035
202311,2023-11-12,KCI Commuter Bandara,6399
202311,2023-11-12,bus sekolah,1349
202311,2023-11-12,transjakarta,653803
202311,2023-11-12,kapal,6060
202311,2023-11-13,mrt,108564
202311,2023-11-13,lrt,3346
202311,2023-11-13,krl,922276
202311,2023-11-13,KCI Commuter Bandara,6230
202311,2023-11-13,bus sekolah,44975
202311,2023-11-21,mrt,118262
202311,2023-11-21,lrt,3316
202311,2023-11-21,krl,889772
202311,2023-11-21,KCI Commuter Bandara,6273
202311,2023-11-21,bus sekolah,46406
202311,2023-11-21,transjakarta,1149804
202311,2023-11-21,kapal,1290
202311,2023-11-22,mrt,117558
202311,2023-11-22,lrt,3348
202311,2023-11-22,krl,892277
202311,2023-11-13,transjakarta,1135364
202311,2023-11-13,kapal,1661
202311,2023-11-14,mrt,118455
202311,2023-11-14,lrt,3652
202311,2023-11-14,krl,899401
202311,2023-11-14,KCI Commuter Bandara,6841
202311,2023-11-14,bus sekolah,46132
202311,2023-11-14,transjakarta,1146542
202311,2023-11-14,kapal,1129
202311,2023-11-15,mrt,163162
202311,2023-11-15,lrt,3049
202311,2023-11-15,krl,894110
202311,2023-11-15,KCI Commuter Bandara,7387
202311,2023-11-15,bus sekolah,44885
202311,2023-11-15,transjakarta,1132691
202311,2023-11-15,kapal,1051
202311,2023-11-16,mrt,132372
202311,2023-11-16,lrt,3225
202311,2023-11-16,krl,889017
202311,2023-11-16,KCI Commuter Bandara,6713
202311,2023-11-16,bus sekolah,45745
202311,2023-11-16,transjakarta,1131441
202311,2023-11-16,kapal,1328
202311,2023-11-17,mrt,119166
202311,2023-11-17,lrt,3406
202311,2023-11-17,krl,891756
202311,2023-11-17,KCI Commuter Bandara,7560
202311,2023-11-17,bus sekolah,43029
202311,2023-11-17,transjakarta,1126115
202311,2023-11-17,kapal,2117
202311,2023-11-18,mrt,68262
202311,2023-11-18,lrt,3006
202311,2023-11-18,krl,707473
202311,2023-11-18,KCI Commuter Bandara,6284
202311,2023-11-18,bus sekolah,1485
202311,2023-11-18,transjakarta,744568
202311,2023-11-18,kapal,6027
202311,2023-11-19,mrt,64365
202311,2023-11-19,lrt,2844
202311,2023-11-19,krl,622863
202311,2023-11-19,KCI Commuter Bandara,6635
202311,2023-11-19,bus sekolah,1606
202311,2023-11-19,transjakarta,654569
202311,2023-11-19,kapal,5501
202311,2023-11-20,mrt,110966
202311,2023-11-20,lrt,3059
202311,2023-11-20,krl,920509
202311,2023-11-20,KCI Commuter Bandara,6627
202311,2023-11-20,bus sekolah,44806
202311,2023-11-20,transjakarta,1146384
202311,2023-11-20,kapal,1211
202310,2023-10-01,bus sekolah,2114
202310,2023-10-02,bus sekolah,39821
202310,2023-10-03,bus sekolah,40850
202310,2023-10-04,bus sekolah,39085
202310,2023-10-05,bus sekolah,41113
202310,2023-10-06,bus sekolah,36705
202310,2023-10-07,bus sekolah,1469
202310,2023-10-08,bus sekolah,1419
202310,2023-10-09,bus sekolah,40338
202310,2023-10-10,bus sekolah,41445
202310,2023-10-11,bus sekolah,44365
202310,2023-10-12,bus sekolah,42345
202310,2023-10-13,bus sekolah,36870
202310,2023-10-14,bus sekolah,1448
202310,2023-10-15,bus sekolah,1400
202310,2023-10-16,bus sekolah,42216
202310,2023-10-17,bus sekolah,38462
202310,2023-10-18,bus sekolah,44451
202310,2023-10-19,bus sekolah,43257
202310,2023-10-20,bus sekolah,39428
202310,2023-10-21,bus sekolah,1086
202310,2023-10-22,bus sekolah,818
202310,2023-10-23,bus sekolah,43581
202310,2023-10-24,bus sekolah,40635
202310,2023-10-25,bus sekolah,41240
202310,2023-10-26,bus sekolah,43345
202310,2023-10-27,bus sekolah,39433
202310,2023-10-28,bus sekolah,1186
202310,2023-10-29,bus sekolah,948
202310,2023-10-30,bus sekolah,43826
202310,2023-10-31,bus sekolah,44022
202310,2023-10-01,kapal,7462
202310,2023-10-02,kapal,1578
202310,2023-10-03,kapal,1543
202310,2023-10-04,kapal,1167
202310,2023-10-05,kapal,1794
202310,2023-10-06,kapal,1809
202310,2023-10-07,kapal,6943
202310,2023-10-08,kapal,7012
202310,2023-10-09,kapal,1971
202310,2023-10-10,kapal,1521
202310,2023-10-11,kapal,1633
202310,2023-10-12,kapal,1658
202310,2023-10-13,kapal,2401
202310,2023-10-14,kapal,7704
202310,2023-10-15,kapal,6482
202310,2023-10-16,kapal,1788
202310,2023-10-17,kapal,1481
202310,2023-10-18,kapal,135
202310,2023-10-19,kapal,1591
202310,2023-10-20,kapal,1816
202310,2023-10-21,kapal,5995
202310,2023-10-22,kapal,5765
202310,2023-10-23,kapal,2468
202310,2023-10-24,kapal,1064
202310,2023-10-25,kapal,1036
202310,2023-10-26,kapal,1619
202310,2023-10-27,kapal,1991
202310,2023-10-28,kapal,686
202310,2023-10-29,kapal,6237
202310,2023-10-30,kapal,1634
202310,2023-10-31,kapal,1281
202310,2023-10-01,transjakarta,650239
202310,2023-10-02,transjakarta,1083284
202310,2023-10-03,transjakarta,1105891
202310,2023-10-04,transjakarta,1100992
202310,2023-10-05,transjakarta,1102279
202310,2023-10-06,transjakarta,1087623
202310,2023-10-07,transjakarta,725319
202310,2023-10-08,transjakarta,630556
202310,2023-10-09,transjakarta,1100382
202310,2023-10-10,transjakarta,1109216
202310,2023-10-11,transjakarta,1107503
202310,2023-10-12,transjakarta,1103250
202310,2023-10-13,transjakarta,1093067
202310,2023-10-14,transjakarta,727497
202310,2023-10-15,transjakarta,635855
202310,2023-10-16,transjakarta,1107316
202310,2023-10-17,transjakarta,1128713
202310,2023-10-18,transjakarta,1121625
202310,2023-10-19,transjakarta,1110376
202310,2023-10-20,transjakarta,1097821
202310,2023-10-21,transjakarta,721052
202310,2023-10-22,transjakarta,629687
202310,2023-10-23,transjakarta,1104758
202310,2023-10-24,transjakarta,1120393
202310,2023-10-25,transjakarta,1107625
202310,2023-10-26,transjakarta,1111359
202310,2023-10-27,transjakarta,1097914
202310,2023-10-28,transjakarta,748153
202310,2023-10-29,transjakarta,633768
202310,2023-10-30,transjakarta,1109764
202310,2023-10-31,transjakarta,1121596
202310,2023-10-01,mrt,62623
202310,2023-10-02,mrt,110811
202310,2023-10-03,mrt,116104
202310,2023-10-04,mrt,116067
202310,2023-10-05,mrt,117370
202310,2023-10-06,mrt,117111
202310,2023-10-07,mrt,70689
202310,2023-10-08,mrt,65907
202310,2023-10-09,mrt,109295
202310,2023-10-10,mrt,116366
202310,2023-10-11,mrt,116480
202310,2023-10-12,mrt,118448
202310,2023-10-13,mrt,114741
202310,2023-10-14,mrt,68994
202310,2023-10-15,mrt,68658
202310,2023-10-16,mrt,109289
202310,2023-10-17,mrt,115575
202310,2023-10-18,mrt,115689
202310,2023-10-19,mrt,116067
202310,2023-10-20,mrt,112295
202310,2023-10-21,mrt,66479
202310,2023-10-22,mrt,74032
202310,2023-10-23,mrt,107463
202310,2023-10-24,mrt,112670
202310,2023-10-25,mrt,118659
202310,2023-10-26,mrt,114480
202310,2023-10-27,mrt,119635
202310,2023-10-28,mrt,77316
202310,2023-10-29,mrt,66933
202309,2023-09-01,krl,867030
202309,2023-09-02,krl,729631
202309,2023-09-03,krl,657122
202309,2023-09-04,krl,879125
202309,2023-09-05,krl,847405
202309,2023-09-06,krl,852341
202309,2023-09-07,krl,843995
202309,2023-09-08,krl,872115
202309,2023-09-09,krl,712328
202309,2023-09-10,krl,630928
202309,2023-09-11,krl,895557
202309,2023-09-12,krl,860581
202309,2023-09-13,krl,860602
202309,2023-09-14,krl,849100
202309,2023-09-15,krl,871008
202309,2023-09-16,krl,692026
202309,2023-09-17,krl,596776
202309,2023-09-18,krl,898228
202309,2023-09-19,krl,865243
202309,2023-09-20,krl,876983
202309,2023-09-21,krl,870805
202309,2023-09-22,krl,876438
202309,2023-09-23,krl,701796
202309,2023-09-24,krl,571773
202309,2023-09-25,krl,903083
202309,2023-09-26,krl,877956
202309,2023-09-27,krl,914996
202309,2023-09-28,krl,582718
202309,2023-09-29,krl,870327
202309,2023-09-30,krl,0
202309,2023-09-01,KCI Commuter Bandara,6812
202309,2023-09-02,KCI Commuter Bandara,5652
202309,2023-09-03,KCI Commuter Bandara,5817
202309,2023-09-04,KCI Commuter Bandara,6113
202309,2023-09-05,KCI Commuter Bandara,5667
202309,2023-09-06,KCI Commuter Bandara,6297
202309,2023-09-07,KCI Commuter Bandara,6175
202309,2023-09-08,KCI Commuter Bandara,6856
202309,2023-09-09,KCI Commuter Bandara,5537
202309,2023-09-10,KCI Commuter Bandara,5845
202309,2023-09-11,KCI Commuter Bandara,6011
202309,2023-09-12,KCI Commuter Bandara,5406
202309,2023-09-13,KCI Commuter Bandara,6109
202309,2023-09-14,KCI Commuter Bandara,5924
202309,2023-09-15,KCI Commuter Bandara,6544
202309,2023-09-16,KCI Commuter Bandara,5542
202309,2023-09-17,KCI Commuter Bandara,5680
202309,2023-09-18,KCI Commuter Bandara,6227
202309,2023-09-19,KCI Commuter Bandara,5645
202309,2023-09-20,KCI Commuter Bandara,6291
202309,2023-09-21,KCI Commuter Bandara,6167
202309,2023-09-22,KCI Commuter Bandara,7468
202309,2023-09-23,KCI Commuter Bandara,5851
202309,2023-09-24,KCI Commuter Bandara,5948
202309,2023-09-25,KCI Commuter Bandara,6458
202309,2023-09-26,KCI Commuter Bandara,6234
202309,2023-09-27,KCI Commuter Bandara,7510
202309,2023-09-28,KCI Commuter Bandara,6663
202309,2023-09-29,KCI Commuter Bandara,5945
202309,2023-09-30,KCI Commuter Bandara,0
202310,2023-10-30,mrt,108092
202310,2023-10-31,mrt,115033
202310,2023-10-01,lrt,2338
202310,2023-10-02,lrt,3174
202310,2023-10-03,lrt,3178
202310,2023-10-04,lrt,3091
202310,2023-10-05,lrt,3193
202310,2023-10-06,lrt,3327
202310,2023-10-07,lrt,3161
202310,2023-10-08,lrt,2493
202310,2023-10-09,lrt,3025
202310,2023-10-10,lrt,3043
202310,2023-10-11,lrt,3193
202310,2023-10-12,lrt,3132
202310,2023-10-13,lrt,3216
202310,2023-10-14,lrt,2996
202310,2023-10-15,lrt,2934
202310,2023-10-16,lrt,2965
202310,2023-10-17,lrt,3138
202310,2023-10-18,lrt,2962
202310,2023-10-19,lrt,3002
202310,2023-10-20,lrt,3175
202310,2023-10-21,lrt,2714
202310,2023-10-22,lrt,2540
202310,2023-10-23,lrt,3134
202310,2023-10-24,lrt,3165
202310,2023-10-25,lrt,3298
202310,2023-10-26,lrt,3249
202310,2023-10-27,lrt,3134
202310,2023-10-28,lrt,2940
202310,2023-10-29,lrt,2427
202310,2023-10-30,lrt,2769
202310,2023-10-31,lrt,2703
202310,2023-10-01,krl,637764
202310,2023-10-02,krl,928886
202310,2023-10-03,krl,899794
202310,2023-10-04,krl,897102
202310,2023-10-05,krl,902150
202310,2023-10-06,krl,905578
202310,2023-10-07,krl,731493
202310,2023-10-08,krl,649522
202310,2023-10-09,krl,919783
202310,2023-10-10,krl,891688
202310,2023-10-11,krl,884591
202310,2023-10-12,krl,889401
202310,2023-10-13,krl,893607
202310,2023-10-14,krl,702546
202310,2023-10-15,krl,621139
202310,2023-10-16,krl,913566
202310,2023-10-17,krl,890095
202310,2023-10-18,krl,882524
202310,2023-10-19,krl,879688
202310,2023-10-20,krl,878682
202310,2023-10-21,krl,679161
202310,2023-10-22,krl,583323
202310,2023-10-23,krl,893533
202310,2023-10-24,krl,864479
202310,2023-10-25,krl,863532
202310,2023-10-26,krl,0
202310,2023-10-27,krl,0
202310,2023-10-28,krl,0
202310,2023-10-29,krl,0
202310,2023-10-30,krl,0
202310,2023-10-31,krl,0
202310,2023-10-01,KCI Commuter Bandara,6805
202310,2023-10-02,KCI Commuter Bandara,6804
202310,2023-10-03,KCI Commuter Bandara,6009
202310,2023-10-04,KCI Commuter Bandara,6218
202310,2023-10-05,KCI Commuter Bandara,6051
202310,2023-10-06,KCI Commuter Bandara,6928
202310,2023-10-07,KCI Commuter Bandara,5678
202310,2023-10-08,KCI Commuter Bandara,5810
202310,2023-10-09,KCI Commuter Bandara,6024
202310,2023-10-10,KCI Commuter Bandara,5937
202310,2023-10-11,KCI Commuter Bandara,6110
202310,2023-10-12,KCI Commuter Bandara,6016
202310,2023-10-13,KCI Commuter Bandara,6646
202310,2023-10-14,KCI Commuter Bandara,5516
202310,2023-10-15,KCI Commuter Bandara,5678
202310,2023-10-16,KCI Commuter Bandara,6229
202310,2023-10-17,KCI Commuter Bandara,6041
202310,2023-10-18,KCI Commuter Bandara,6338
202310,2023-10-19,KCI Commuter Bandara,6083
202310,2023-10-20,KCI Commuter Bandara,6905
202310,2023-10-21,KCI Commuter Bandara,5098
202310,2023-10-22,KCI Commuter Bandara,5704
202310,2023-10-23,KCI Commuter Bandara,6002
202310,2023-10-24,KCI Commuter Bandara,5826
202310,2023-10-25,KCI Commuter Bandara,0
202310,2023-10-26,KCI Commuter Bandara,0
202310,2023-10-27,KCI Commuter Bandara,0
202310,2023-10-28,KCI Commuter Bandara,0
202310,2023-10-29,KCI Commuter Bandara,0
202310,2023-10-30,KCI Commuter Bandara,0
202310,2023-10-31,KCI Commuter Bandara,0
202311,2023-11-01,mrt,116785
202311,2023-11-01,lrt,3025
202311,2023-11-01,krl,823686
202311,2023-11-01,KCI Commuter Bandara,6307
202311,2023-11-01,bus sekolah,40541
202311,2023-11-01,transjakarta,1117922
202311,2023-11-01,kapal,1318
202311,2023-11-02,mrt,115856
202311,2023-11-02,lrt,2554
202311,2023-11-02,krl,894422
202311,2023-11-02,KCI Commuter Bandara,6285
202311,2023-11-02,bus sekolah,41184
202311,2023-11-02,transjakarta,1121811
202311,2023-11-02,kapal,1877
202311,2023-11-03,mrt,116864
202311,2023-11-03,lrt,2673
202311,2023-11-03,krl,910921
202311,2023-11-03,KCI Commuter Bandara,7298
202311,2023-11-03,bus sekolah,37683
202311,2023-11-03,transjakarta,1101969
202311,2023-11-03,kapal,2050
202311,2023-11-04,mrt,70216
202311,2023-11-04,lrt,2815
202311,2023-11-04,krl,729786
202311,2023-11-04,KCI Commuter Bandara,5631
202311,2023-11-04,bus sekolah,1582
202311,2023-11-04,transjakarta,735079
202311,2023-11-04,kapal,6994
202311,2023-11-22,KCI Commuter Bandara,6746
202311,2023-11-22,bus sekolah,45219
202311,2023-11-22,transjakarta,1171288
202311,2023-11-22,kapal,1209
202311,2023-11-23,mrt,121317
202311,2023-11-23,lrt,3080
202311,2023-11-23,krl,886702
202311,2023-11-23,KCI Commuter Bandara,6570
202311,2023-11-23,bus sekolah,44417
202311,2023-11-23,transjakarta,1145343
202311,2023-11-23,kapal,1475
202311,2023-11-24,mrt,117895
202311,2023-11-24,lrt,3303
202311,2023-11-24,krl,883315
202311,2023-11-24,KCI Commuter Bandara,7443
202311,2023-11-24,bus sekolah,43400
202311,2023-11-24,transjakarta,1118527
202311,2023-11-24,kapal,2237
202311,2023-11-25,mrt,61182
202311,2023-11-25,lrt,2579
202311,2023-11-25,krl,650780
202311,2023-11-25,KCI Commuter Bandara,5605
202311,2023-11-25,bus sekolah,1394
202311,2023-11-25,transjakarta,698469
202311,2023-11-25,kapal,4878
202311,2023-11-26,mrt,64321
202311,2023-11-26,lrt,2827
202311,2023-11-26,krl,596699
202311,2023-11-26,KCI Commuter Bandara,6078
202311,2023-11-26,bus sekolah,956
202311,2023-11-26,transjakarta,642518
202311,2023-11-26,kapal,4962
202311,2023-11-27,mrt,110589
202311,2023-11-27,lrt,3226
202311,2023-11-27,krl,909213
202311,2023-11-27,KCI Commuter Bandara,6486
202311,2023-11-27,bus sekolah,44576
202311,2023-11-27,transjakarta,1147858
202311,2023-11-27,kapal,1760
202311,2023-11-28,mrt,117643
202311,2023-11-28,lrt,3287
202311,2023-11-28,krl,887842
202311,2023-11-28,KCI Commuter Bandara,6079
202311,2023-11-28,bus sekolah,46450
202311,2023-11-28,transjakarta,1153413
202311,2023-11-28,kapal,1024
202311,2023-11-29,mrt,119356
202311,2023-11-29,lrt,3342
202311,2023-11-29,krl,0
202311,2023-11-29,KCI Commuter Bandara,0
202311,2023-11-29,bus sekolah,45150
202311,2023-11-29,transjakarta,1158450
202311,2023-11-29,kapal,1184
202311,2023-11-30,mrt,116279
202311,2023-11-30,lrt,3208
202311,2023-11-30,krl,0
202311,2023-11-30,KCI Commuter Bandara,0
202311,2023-11-30,bus sekolah,44796
202311,2023-11-30,transjakarta,1140648
202311,2023-11-30,kapal,1122
202312,2023-12-01,mrt,116184
202312,2023-12-02,mrt,70543
202312,2023-12-03,mrt,65083
202312,2023-12-04,mrt,110326
202312,2023-12-05,mrt,118406
202312,2023-12-06,mrt,119806
202312,2023-12-07,mrt,117969
202312,2023-12-08,mrt,120156
202312,2023-12-09,mrt,88889
202312,2023-12-10,mrt,63554
202312,2023-12-11,mrt,111781
202312,2023-12-12,mrt,117220
202312,2023-12-13,mrt,121925
202312,2023-12-14,mrt,117187
202312,2023-12-15,mrt,116743
202312,2023-12-16,mrt,68692
202312,2023-12-17,mrt,71929
202312,2023-12-18,mrt,110120
202312,2023-12-19,mrt,115195
202312,2023-12-20,mrt,118897
202312,2023-12-21,mrt,115677
202312,2023-12-22,mrt,109313
202312,2023-12-23,mrt,63984
202312,2023-12-24,mrt,78874
202312,2023-12-25,mrt,59722
202312,2023-12-26,mrt,66962
202312,2023-12-27,mrt,101266
202312,2023-12-28,mrt,105341
202312,2023-12-29,mrt,98060
202312,2023-12-30,mrt,72191
202312,2023-12-31,mrt,104363
202312,2023-12-01,lrt,3457
202312,2023-12-02,lrt,3410
202312,2023-12-03,lrt,2685
202312,2023-12-04,lrt,3102
202312,2023-12-05,lrt,3167
202312,2023-12-06,lrt,3166
202312,2023-12-07,lrt,3174
202312,2023-12-08,lrt,3347
202312,2023-12-09,lrt,3343
202312,2023-12-10,lrt,2667
202312,2023-12-11,lrt,3319
202312,2023-12-12,lrt,3220
202312,2023-12-13,lrt,3478
202312,2023-12-14,lrt,3114
202312,2023-12-15,lrt,3629
202312,2023-12-16,lrt,3443
202312,2023-12-17,lrt,2566
202312,2023-12-18,lrt,3283
202312,2023-12-19,lrt,3405
202312,2023-12-20,lrt,3292
202312,2023-12-21,lrt,3392
202312,2023-12-22,lrt,3402
202312,2023-12-23,lrt,2881
202312,2023-12-24,lrt,2862
202312,2023-12-25,lrt,2843
202312,2023-12-26,lrt,2726
202312,2023-12-27,lrt,3131
202312,2023-12-28,lrt,3169
202312,2023-12-29,lrt,3134
202312,2023-12-30,lrt,3061
202312,2023-12-31,lrt,3545
202312,2023-12-01,krl,823686
202312,2023-12-02,krl,894422
202312,2023-12-03,krl,910921
202312,2023-12-04,krl,729786
202312,2023-12-05,krl,728597
202312,2023-12-06,krl,929069
202312,2023-12-07,krl,901039
202312,2023-12-08,krl,898901
202312,2023-12-09,krl,896058
202312,2023-12-10,krl,902979
202312,2023-12-11,krl,921542
202312,2023-12-12,krl,921542
202312,2023-12-13,krl,901023
202312,2023-12-14,krl,900370
202312,2023-12-15,krl,897347
202312,2023-12-16,krl,739056
202312,2023-12-17,krl,703076
202312,2023-12-18,krl,929964
202312,2023-12-19,krl,893651
202312,2023-12-20,krl,895686
202312,2023-12-21,krl,877254
202312,2023-12-22,krl,879496
202312,2023-12-23,krl,754750
202312,2023-12-24,krl,719947
202312,2023-12-25,krl,643630
202312,2023-12-26,krl,673313
202312,2023-12-27,krl,850304
202312,2023-12-28,krl,870220
202312,2023-12-29,krl,846941
202312,2023-12-30,krl,794383
202312,2023-12-31,krl,713912
202312,2023-12-01,KCI Commuter Bandara,6307
202312,2023-12-02,KCI Commuter Bandara,6285
202312,2023-12-03,KCI Commuter Bandara,7298
202312,2023-12-04,KCI Commuter Bandara,5631
202312,2023-12-05,KCI Commuter Bandara,6273
202312,2023-12-06,KCI Commuter Bandara,6395
202312,2023-12-07,KCI Commuter Bandara,6221
202312,2023-12-08,KCI Commuter Bandara,6592
202312,2023-12-09,KCI Commuter Bandara,6391
202312,2023-12-10,KCI Commuter Bandara,7804
202312,2023-12-11,KCI Commuter Bandara,6343
202312,2023-12-12,KCI Commuter Bandara,6162
202312,2023-12-13,KCI Commuter Bandara,6864
202312,2023-12-14,KCI Commuter Bandara,6379
202312,2023-12-15,KCI Commuter Bandara,7195
202312,2023-12-16,KCI Commuter Bandara,5636
202312,2023-12-17,KCI Commuter Bandara,5457
202312,2023-12-18,KCI Commuter Bandara,6293
202312,2023-12-19,KCI Commuter Bandara,6293
202312,2023-12-20,KCI Commuter Bandara,6704
202312,2023-12-21,KCI Commuter Bandara,7226
202312,2023-12-22,KCI Commuter Bandara,9157
202312,2023-12-23,KCI Commuter Bandara,8070
202312,2023-12-24,KCI Commuter Bandara,5700
202312,2023-12-25,KCI Commuter Bandara,5179
202312,2023-12-19, bus sekolah ,0
202312,2023-12-20, bus sekolah ,0
202312,2023-12-21, bus sekolah ,0
202312,2023-12-22, bus sekolah ,0
202312,2023-12-23, bus sekolah ,0
202312,2023-12-26,KCI Commuter Bandara,5891
202312,2023-12-27,KCI Commuter Bandara,6005
202312,2023-12-28,KCI Commuter Bandara,5636
202312,2023-12-29,KCI Commuter Bandara,6430
202312,2023-12-30,KCI Commuter Bandara,5610
202312,2023-12-31,KCI Commuter Bandara,4792
202312,2023-12-01, bus sekolah ,40458
202312,2023-12-02, bus sekolah ,1006
202312,2023-12-03, bus sekolah ,927
202312,2023-12-04, bus sekolah ,42816
202312,2023-12-05, bus sekolah ,42965
202312,2023-12-06, bus sekolah ,43929
202312,2023-12-07, bus sekolah ,39149
202312,2023-12-08, bus sekolah ,37892
202312,2023-12-09, bus sekolah ,2074
202312,2023-12-10, bus sekolah ,2192
202312,2023-12-11, bus sekolah ,34212
202312,2023-12-12, bus sekolah ,34025
202312,2023-12-13, bus sekolah ,33756
202312,2023-12-14, bus sekolah ,25954
202312,2023-12-15, bus sekolah ,6088
202312,2023-12-16, bus sekolah ,1016
202312,2023-12-17, bus sekolah ,960
202312,2023-12-18, bus sekolah ,0
202312,2023-12-24, bus sekolah ,0
202312,2023-12-25, bus sekolah ,0
202312,2023-12-26, bus sekolah ,0
202312,2023-12-27, bus sekolah ,0
202312,2023-12-28, bus sekolah ,0
202312,2023-12-29, bus sekolah ,0
202312,2023-12-30, bus sekolah ,0
202312,2023-12-31, bus sekolah ,0
202312,2023-12-01, kapal ,84
202312,2023-12-02, kapal ,126
202312,2023-12-03, kapal ,119
202312,2023-12-04, kapal ,90
202312,2023-12-05, kapal ,89
202312,2023-12-06, kapal ,84
202312,2023-12-07, kapal ,87
202312,2023-12-08, kapal ,90
202312,2023-12-09, kapal ,121
202312,2023-12-10, kapal ,116
202312,2023-12-11, kapal ,92
202312,2023-12-12, kapal ,88
202312,2023-12-13, kapal ,87
202312,2023-12-14, kapal ,84
202312,2023-12-15, kapal ,109
202312,2023-12-16, kapal ,120
202312,2023-12-17, kapal ,120
202312,2023-12-18, kapal ,92
202312,2023-12-19, kapal ,95
202312,2023-12-20, kapal ,95
202312,2023-12-21, kapal ,101
202312,2023-12-22, kapal ,115
202312,2023-12-23, kapal ,151
202312,2023-12-24, kapal ,171
202312,2023-12-25, kapal ,178
202312,2023-12-26, kapal ,150
202312,2023-12-27, kapal ,137
202312,2023-12-28, kapal ,122
202312,2023-12-29, kapal ,125
202312,2023-12-30, kapal ,174
202312,2023-12-31, kapal ,187
202312,2023-12-01, transjakarta ,1127659
202312,2023-12-02, transjakarta ,769649
202312,2023-12-03, transjakarta ,662120
202312,2023-12-04, transjakarta ,1149169
202312,2023-12-05, transjakarta ,1174098
202312,2023-12-06, transjakarta ,1167902
202312,2023-12-07, transjakarta ,1164122
202312,2023-12-08, transjakarta ,1123681
202312,2023-12-09, transjakarta ,781721
202312,2023-12-10, transjakarta ,674405
202312,2023-12-11, transjakarta ,1151083
202312,2023-12-12, transjakarta ,1156065
202312,2023-12-13, transjakarta ,1151501
202312,2023-12-14, transjakarta ,1143117
202312,2023-12-15, transjakarta ,1131174
202312,2023-12-16, transjakarta ,758456
202312,2023-12-17, transjakarta ,680941
202312,2023-12-18, transjakarta ,1083773
202312,2023-12-19, transjakarta ,1081461
202312,2023-12-20, transjakarta ,1089583
202312,2023-12-21, transjakarta ,1070707
202312,2023-12-22, transjakarta ,1027720
202312,2023-12-23, transjakarta ,749305
202312,2023-12-24, transjakarta ,708769
202312,2023-12-25, transjakarta ,609034
202312,2023-12-26, transjakarta ,735852
202312,2023-12-27, transjakarta ,1012112
202312,2023-12-28, transjakarta ,1010097
202312,2023-12-29, transjakarta ,974703
202312,2023-12-30, transjakarta ,748326
202312,2023-12-31, transjakarta ,660343
